date,net_equity,net_return,benchmark_return,cost
2019-01-01,10000000.0,0.0,0.009477449214190026,
2019-01-02,10000000.0,0.0,0.005182244726509522,
2019-01-03,10000000.0,0.0,0.021569560571238044,
2019-01-04,10000000.0,0.0,0.02138018613281001,
2019-01-07,10000000.0,0.0,-0.015660599823819954,
2019-01-08,10000000.0,0.0,-0.001447112560466035,
2019-01-09,10000000.0,0.0,0.02330636080871451,
2019-01-10,10000000.0,0.0,-0.017353057105498615,
2019-01-11,10000000.0,0.0,0.03691751584752767,
2019-01-14,10000000.0,0.0,0.002576667760710638,
2019-01-15,10000000.0,0.0,0.03630646323530207,
2019-01-16,10000000.0,0.0,0.03382292853968938,
2019-01-17,10000000.0,0.0,-0.007777635018012097,
2019-01-18,10000000.0,0.0,-0.005902996838900609,
2019-01-21,10000000.0,0.0,-0.03181294962356718,
2019-01-22,10000000.0,0.0,0.009801874573798441,
2019-01-23,10000000.0,0.0,-0.03443831761328875,
2019-01-24,10000000.0,0.0,-0.024090684945657026,
2019-01-25,10000000.0,0.0,0.0002004826167403273,
2019-01-28,10000000.0,0.0,0.0046112894633478785,
2019-01-29,10000000.0,0.0,-0.02149789321511264,
2019-01-30,10000000.0,0.0,0.04907185646600265,
2019-01-31,10000000.0,0.0,0.00713535656107811,
2019-02-01,10000000.0,0.0,-0.0010832713331303534,
2019-02-04,10000000.0,0.0,-0.009351706868407361,
2019-02-05,10000000.0,0.0,-0.023880907126528683,
2019-02-06,10000000.0,0.0,-0.005046707161798669,
2019-02-07,10000000.0,0.0,-0.005357422969115566,
2019-02-08,10000000.0,0.0,0.0105700072291115,
2019-02-11,10000000.0,0.0,-0.023186913861997782,
2019-02-12,10000000.0,0.0,-0.012033082617674551,
2019-02-13,10000000.0,0.0,0.04774174347216542,
2019-02-14,10000000.0,0.0,0.014711945813716376,
2019-02-15,10000000.0,0.0,0.0016907051284420493,
2019-02-18,10000000.0,0.0,-0.0037557610977423384,
2019-02-19,10000000.0,0.0,0.013607399451470714,
2019-02-20,10000000.0,0.0,-0.030961897144209494,
2019-02-21,10000000.0,0.0,0.00984134027460093,
2019-02-22,10000000.0,0.0,-0.02140386335595612,
2019-02-25,10000000.0,0.0,-0.021964942164860002,
2019-02-26,10000000.0,0.0,-0.002808768076240531,
2019-02-27,10000000.0,0.0,0.0183051657149802,
2019-02-28,10000000.0,0.0,-0.03020828019904076,
2019-03-01,10000000.0,0.0,0.003057950558863043,
2019-03-04,10000000.0,0.0,0.0005363676865786093,
2019-03-05,10000000.0,0.0,0.0026324950478822107,
2019-03-06,10000000.0,0.0,-0.014033236450350706,
2019-03-07,10000000.0,0.0,-0.03714644578197657,
2019-03-08,10000000.0,0.0,0.010513587714935824,
2019-03-11,10000000.0,0.0,-0.047114205157191,
2019-03-12,10000000.0,0.0,0.01770980771530195,
2019-03-13,10000000.0,0.0,0.00500985537950327,
2019-03-14,10000000.0,0.0,-0.0008527044213378909,
2019-03-15,10000000.0,0.0,0.009978370306628515,
2019-03-18,10000000.0,0.0,-0.02777210069446656,
2019-03-19,10000000.0,0.0,0.013098181015927857,
2019-03-20,10000000.0,0.0,0.0007701252974836592,
2019-03-21,10000000.0,0.0,0.028105422112791212,
2019-03-22,10000000.0,0.0,0.0060776328039517935,
2019-03-25,10000000.0,0.0,0.009410123253635883,
2019-03-26,10000000.0,0.0,0.02379154730541,
2019-03-27,10000000.0,0.0,-0.008427027583465474,
2019-03-28,10000000.0,0.0,0.004174960552952411,
2019-03-29,10000000.0,0.0,-0.03495334629601643,
2019-04-01,10000000.0,0.0,-0.01624643257791758,
2019-04-02,10000000.0,0.0,-0.00400097020937451,
2019-04-03,10000000.0,0.0,-0.010788251622802614,
2019-04-04,10000000.0,0.0,-0.010224876403399419,
2019-04-05,10000000.0,0.0,0.00016394657033247384,
2019-04-08,10000000.0,0.0,0.012584109623556605,
2019-04-09,10000000.0,0.0,-0.010011682208343031,
2019-04-10,10000000.0,0.0,0.010731148295455517,
2019-04-11,10000000.0,0.0,0.0033046764296271736,
2019-04-12,10000000.0,0.0,-0.006664108095519761,
2019-04-15,10000000.0,0.0,-0.010119105742712464,
2019-04-16,10000000.0,0.0,-0.012284132776124279,
2019-04-17,10000000.0,0.0,0.015504434471036443,
2019-04-18,10000000.0,0.0,0.002589802908619765,
2019-04-19,10000000.0,0.0,-0.0034153236362168826,
2019-04-22,10000000.0,0.0,-0.017465324936486004,
2019-04-23,10000000.0,0.0,0.027315609089472614,
2019-04-24,10000000.0,0.0,0.00839784946895894,
2019-04-25,10000000.0,0.0,0.025618816878876238,
2019-04-26,10000000.0,0.0,-0.025496276166715348,
2019-04-29,10000000.0,0.0,-0.0034425857814208705,
2019-04-30,10000000.0,0.0,-0.04048032716614269,
2019-05-01,10000000.0,0.0,0.017032483266350873,
2019-05-02,10000000.0,0.0,-0.007308443676142251,
2019-05-03,10000000.0,0.0,0.026966220714991218,
2019-05-06,10000000.0,0.0,0.0026779207769207503,
2019-05-07,10000000.0,0.0,0.001584304341110787,
2019-05-08,10000000.0,0.0,0.02400745278118932,
2019-05-09,10000000.0,0.0,-0.012483498711611696,
2019-05-10,10000000.0,0.0,-0.018418942425331264,
2019-05-13,10000000.0,0.0,-0.018733838513348866,
2019-05-14,10000000.0,0.0,-0.002774943444376232,
2019-05-15,10000000.0,0.0,0.014345439125352133,
2019-05-16,10000000.0,0.0,0.028533626179021887,
2019-05-17,10000000.0,0.0,0.0328301710860357,
2019-05-20,10000000.0,0.0,-0.00906292900667005,
2019-05-21,10000000.0,0.0,-0.02622881949085054,
2019-05-22,10000000.0,0.0,-0.001871118325799559,
2019-05-23,10000000.0,0.0,0.016164887517452486,
2019-05-24,10000000.0,0.0,0.024991035287890817,
2019-05-27,10000000.0,0.0,0.04247103663497298,
2019-05-28,10000000.0,0.0,0.014459332522117174,
2019-05-29,10000000.0,0.0,-0.006753966992318117,
2019-05-30,10000000.0,0.0,0.029063965909314593,
2019-05-31,10000000.0,0.0,0.01747441829543206,
2019-06-03,10000000.0,0.0,-0.0032872062292945703,
2019-06-04,10000000.0,0.0,0.010002243318659731,
2019-06-05,10000000.0,0.0,0.004457756040324279,
2019-06-06,10000000.0,0.0,-0.002573112806338096,
2019-06-07,10000000.0,0.0,0.028607743613268122,
2019-06-10,10000000.0,0.0,0.01593813208957995,
2019-06-11,10000000.0,0.0,-0.04141092792946477,
2019-06-12,10000000.0,0.0,0.001965933482730886,
2019-06-13,10000000.0,0.0,-0.0026159709488311478,
2019-06-14,10000000.0,0.0,0.020390667340791202,
2019-06-17,10000000.0,0.0,0.041908517562711634,
2019-06-18,10000000.0,0.0,0.005637904943158523,
2019-06-19,10000000.0,0.0,0.006951544410302324,
2019-06-20,10000000.0,0.0,-0.0003651173738152824,
2019-06-21,10000000.0,0.0,0.03640694221902563,
2019-06-24,10000000.0,0.0,-0.022134463138506977,
2019-06-25,10000000.0,0.0,-0.020701977446690112,
2019-06-26,10000000.0,0.0,0.006493645495191824,
2019-06-27,10000000.0,0.0,-0.004311627367041493,
2019-06-28,10000000.0,0.0,0.007242059084481722,
2019-07-01,10000000.0,0.0,0.007608373763328791,
2019-07-02,10000000.0,0.0,0.02266499940928801,
2019-07-03,10000000.0,0.0,-0.020915777087304188,
2019-07-04,10000000.0,0.0,-0.009013259830848108,
2019-07-05,10000000.0,0.0,-0.004786036084909018,
2019-07-08,10000000.0,0.0,0.002221068828784034,
2019-07-09,10000000.0,0.0,0.020354188776317672,
2019-07-10,10000000.0,0.0,0.0009770732389167147,
2019-07-11,10000000.0,0.0,-0.0065608060738735485,
2019-07-12,10000000.0,0.0,0.008954478947460043,
2019-07-15,10000000.0,0.0,0.002541656741954945,
2019-07-16,10000000.0,0.0,-0.018293231393217257,
2019-07-17,10000000.0,0.0,0.03816261274388788,
2019-07-18,10000000.0,0.0,-0.012957189210229814,
2019-07-19,10000000.0,0.0,0.0027625403542896887,
2019-07-22,10000000.0,0.0,-0.003250709907910432,
2019-07-23,10000000.0,0.0,-0.023205011679464205,
2019-07-24,10000000.0,0.0,0.002738659367871321,
2019-07-25,10000000.0,0.0,-0.03212685421142436,
2019-07-26,10000000.0,0.0,0.03499619090665185,
2019-07-29,10000000.0,0.0,0.028054752545900064,
2019-07-30,10000000.0,0.0,-0.002393482005762504,
2019-07-31,10000000.0,0.0,-0.016762224575074702,
2019-08-01,10000000.0,0.0,0.0009399673460979141,
2019-08-02,10000000.0,0.0,0.023233775880188823,
2019-08-05,10000000.0,0.0,-0.01769297981807927,
2019-08-06,10000000.0,0.0,0.022751153113572897,
2019-08-07,10000000.0,0.0,0.012514522337629952,
2019-08-08,10000000.0,0.0,-0.023275147150072395,
2019-08-09,10000000.0,0.0,-0.0014752514364735347,
2019-08-12,10000000.0,0.0,0.022998408197756115,
2019-08-13,10000000.0,0.0,0.024848133940331696,
2019-08-14,10000000.0,0.0,-0.01223945693081041,
2019-08-15,10000000.0,0.0,0.012009789273090155,
2019-08-16,10000000.0,0.0,-0.009317676568524003,
2019-08-19,10000000.0,0.0,0.019296006747349326,
2019-08-20,10000000.0,0.0,0.020272451295005434,
2019-08-21,10000000.0,0.0,0.010740676964965834,
2019-08-22,10000000.0,0.0,-0.029555307972093603,
2019-08-23,10000000.0,0.0,0.0002948367081598846,
2019-08-26,10000000.0,0.0,-0.034509008788897066,
2019-08-27,10000000.0,0.0,-0.02385162661601259,
2019-08-28,10000000.0,0.0,-0.011349548686609867,
2019-08-29,10000000.0,0.0,0.0042800340856337105,
2019-08-30,10000000.0,0.0,0.027346589010276645,
2019-09-02,10000000.0,0.0,-0.0436493558220431,
2019-09-03,10000000.0,0.0,0.03619240215798669,
2019-09-04,10000000.0,0.0,-0.016838594601817913,
2019-09-05,10000000.0,0.0,-0.008211299206664524,
2019-09-06,10000000.0,0.0,-0.02784098646894817,
2019-09-09,10000000.0,0.0,0.016035734413737845,
2019-09-10,10000000.0,0.0,0.0066037862533874225,
2019-09-11,10000000.0,0.0,-0.005515681887058643,
2019-09-12,10000000.0,0.0,-0.015275375560041438,
2019-09-13,10000000.0,0.0,0.005881827980348975,
2019-09-16,10000000.0,0.0,-0.00028326115065024915,
2019-09-17,10000000.0,0.0,-0.013368264294282395,
2019-09-18,10000000.0,0.0,-0.0004948081463972409,
2019-09-19,10000000.0,0.0,-0.024346746333464564,
2019-09-20,10000000.0,0.0,-0.013594087208896544,
2019-09-23,10000000.0,0.0,0.003615421179465672,
2019-09-24,10000000.0,0.0,0.014292214158732053,
2019-09-25,10000000.0,0.0,0.003917058026212672,
2019-09-26,10000000.0,0.0,0.012130312808262156,
2019-09-27,10000000.0,0.0,-0.003252863223328184,
2019-09-30,10000000.0,0.0,0.013175802029465,
2019-10-01,10000000.0,0.0,0.0019385648115946008,
2019-10-02,10000000.0,0.0,0.009565507328431089,
2019-10-03,10000000.0,0.0,-0.0033700456703663617,
2019-10-04,10000000.0,0.0,-0.024316581474665977,
2019-10-07,10000000.0,0.0,-0.007079780606781827,
2019-10-08,10000000.0,0.0,0.013288662081963887,
2019-10-09,10000000.0,0.0,-0.00981609451221177,
2019-10-10,10000000.0,0.0,-0.006975770783374302,
2019-10-11,10000000.0,0.0,-2.9747491389842118e-05,
2019-10-14,10000000.0,0.0,-0.02610822582417316,
2019-10-15,10000000.0,0.0,-0.012517156855642142,
2019-10-16,10000000.0,0.0,0.018139374445079515,
2019-10-17,10000000.0,0.0,-3.7594669961005245e-05,
2019-10-18,10000000.0,0.0,-0.005641858231887675,
2019-10-21,10000000.0,0.0,-0.013331109314121181,
2019-10-22,10000000.0,0.0,0.0014956674085493393,
2019-10-23,10000000.0,0.0,0.015499934924568137,
2019-10-24,10000000.0,0.0,-0.013616198857315354,
2019-10-25,10000000.0,0.0,-0.004742747330228947,
2019-10-28,10000000.0,0.0,-0.0058889670921001835,
2019-10-29,10000000.0,0.0,-0.0005908044946641988,
2019-10-30,10000000.0,0.0,-0.002312826250940425,
2019-10-31,10000000.0,0.0,-0.007867403089487413,
2019-11-01,10000000.0,0.0,-0.006597512646287829,
2019-11-04,10000000.0,0.0,0.00038236616660314304,
2019-11-05,10000000.0,0.0,0.008918549094259154,
2019-11-06,10000000.0,0.0,-0.010622201220315541,
2019-11-07,10000000.0,0.0,-0.011704814356663928,
2019-11-08,10000000.0,0.0,0.000620872498703573,
2019-11-11,10000000.0,0.0,0.01038376987887113,
2019-11-12,10000000.0,0.0,0.0004214713348147381,
2019-11-13,10000000.0,0.0,-0.009624385494582444,
2019-11-14,10000000.0,0.0,-0.025758843396702646,
2019-11-15,10000000.0,0.0,-0.015008668281171311,
2019-11-18,10000000.0,0.0,-0.00910212451851522,
2019-11-19,10000000.0,0.0,-0.019607109776549447,
2019-11-20,10000000.0,0.0,-0.014274580600652675,
2019-11-21,10000000.0,0.0,0.0016857698637253726,
2019-11-22,10000000.0,0.0,0.020119661836206282,
2019-11-25,10000000.0,0.0,0.007981090482710451,
2019-11-26,10000000.0,0.0,0.006388511141962594,
2019-11-27,10000000.0,0.0,0.0107079781542736,
2019-11-28,10000000.0,0.0,-0.004702966547421528,
2019-11-29,10000000.0,0.0,-0.00494601295189856,
2019-12-02,10000000.0,0.0,0.008384363228117975,
2019-12-03,10000000.0,0.0,0.02750115491838523,
2019-12-04,10000000.0,0.0,0.00727848386372365,
2019-12-05,10000000.0,0.0,-0.021623559303927564,
2019-12-06,10000000.0,0.0,0.0007343901477598891,
2019-12-09,10000000.0,0.0,-0.008334551824222713,
2019-12-10,10000000.0,0.0,0.0006772999787281186,
2019-12-11,10000000.0,0.0,-0.009576791784602356,
2019-12-12,10000000.0,0.0,0.005794609630944247,
2019-12-13,10000000.0,0.0,-0.007804012935675231,
2019-12-16,10000000.0,0.0,-3.832357357647087e-05,
2019-12-17,10000000.0,0.0,0.014519748980172054,
2019-12-18,10000000.0,0.0,0.004856124435344444,
2019-12-19,10000000.0,0.0,0.006108885571904921,
2019-12-20,10000000.0,0.0,-0.001326238912051303,
2019-12-23,10000000.0,0.0,-0.008113082403316096,
2019-12-24,10000000.0,0.0,-0.0031504009292537827,
2019-12-25,10000000.0,0.0,-0.0019711652273267655,
2019-12-26,10000000.0,0.0,-0.0015174947345979461,
2019-12-27,10000000.0,0.0,0.019123563182442682,
2019-12-30,10000000.0,0.0,-0.014281102211584074,
2019-12-31,10000000.0,0.0,0.011933594398590097,
2020-01-01,9995216.239471108,-0.0004783760528892511,-0.00031900197014111953,4783.760528893108
2020-01-02,10022851.487746995,0.0027648474644055288,0.004077693587687614,
2020-01-03,10023427.436661854,5.746357865965557e-05,-0.004066415713505633,
2020-01-06,10027556.01418325,0.00041189279290776426,-0.0014944002824534008,
2020-01-07,9983768.582026593,-0.0043667103025624154,-0.010447973970411306,
2020-01-08,9982799.331565365,-9.708262498919762e-05,0.000868644341422975,
2020-01-09,9994438.09746262,0.0011658819846707136,0.00810216210416459,
2020-01-10,9960786.13822382,-0.00336706865464953,-0.005686403537441764,
2020-01-13,9925831.792297242,-0.0035091955033993427,-0.003064691628890781,
2020-01-14,9903608.613643276,-0.002238923560160755,-0.006180185021525397,
2020-01-15,9881438.319081414,-0.0022386077062171994,-0.009937497892315572,
2020-01-16,9917614.965659231,0.003661070930125465,0.01415749600582572,
2020-01-17,9920586.551277984,0.00029962704027552967,-0.005116113588611304,
2020-01-20,9932182.931041654,0.0011689207794045586,0.0032060462294913883,
2020-01-21,9908287.829386182,-0.0024058257707669783,-0.0037298170326743874,
2020-01-22,9907784.622756317,-5.078643641864833e-05,0.003359775509875762,
2020-01-23,9976121.317898905,0.006897272977213431,0.017448428489450274,
2020-01-24,9917404.51763301,-0.005885734384619701,-0.009970367673771241,
2020-01-27,9932925.10202038,0.0015649845037353227,0.0008801574854790939,
2020-01-28,9923865.397195958,-0.0009120883054457574,-0.0074647059665695625,
2020-01-29,9913793.127027804,-0.001014954331303164,-0.0029982737436179407,
2020-01-30,9965644.164626423,0.005230191606203638,0.01105425030383178,
2020-01-31,9940332.623733085,-0.002539880059452937,-0.0036834183887108907,
2020-02-03,9992474.290329335,0.005245464972847946,0.019300198478987785,1449.365588501297
2020-02-04,10042012.42455942,0.004957544326936958,0.014671658497662943,
2020-02-05,10108713.673852995,0.006642219355399881,0.013893659720731977,
2020-02-06,10148093.527262088,0.0038956344674152543,0.003180063460452187,
2020-02-07,10060204.961847069,-0.008660598680817588,-0.01933035099049274,
2020-02-10,10021223.573994953,-0.0038748105033595825,-0.011569683669466091,
2020-02-11,10034730.618114702,0.0013478438057006326,0.000747106782312601,
2020-02-12,10079989.594813902,0.00451023335070877,0.00876920692638472,
2020-02-13,10030448.68692345,-0.004914777681510718,-0.00854341829721661,
2020-02-14,10033482.171412436,0.00030242759657816976,-0.002111393675859774,
2020-02-17,10058892.246074593,0.0025325280125134686,0.00406219161221566,
2020-02-18,10008354.490437143,-0.005024186998043634,-0.0038128005174158375,
2020-02-19,9971905.640617106,-0.0036418424082462764,-0.007776852613054941,
2020-02-20,9988694.545264954,0.0016836204886920836,0.005675503745355304,
2020-02-21,9888983.772108313,-0.009982362830777358,-0.02316994102241754,
2020-02-24,9898494.084296986,0.0009617077353789583,0.004556741252873087,
2020-02-25,9861855.184912663,-0.0037014619670731053,-0.009664247938734105,
2020-02-26,9836690.364495546,-0.002551732908795512,-0.003093502246424795,
2020-02-27,9838918.52445707,0.00022651520775385237,-0.002040400848917656,
2020-02-28,9760691.600781893,-0.007950764454520365,-0.014507752504248628,
2020-03-02,9801569.84926802,0.0041880483635863275,0.011653953579594312,1432.418499718614
2020-03-03,9799981.946797252,-0.0001620049130074408,-0.0021117215952799473,
2020-03-04,9764743.429511216,-0.0035957736940068763,-0.004670883233888201,
2020-03-05,9690947.64941047,-0.007557370107413086,-0.018862502740244258,
2020-03-06,9770228.02522634,0.008180869269342583,0.019581112484483576,
2020-03-09,9819706.48867207,0.005064207643667995,0.007929029195115511,
2020-03-10,9867860.020110287,0.004903764842031366,0.006580701941630851,
2020-03-11,9889635.067263335,0.0022066635631912135,0.004337680198875482,
2020-03-12,9876691.934666317,-0.0013087573514074524,-0.003538513540651156,
2020-03-13,9885726.581264026,0.0009147441934478362,0.0009904872590289493,
2020-03-16,9928419.576351063,0.0043186502009828764,0.009083616176247755,
2020-03-17,9862515.005385075,-0.0066379719812577065,-0.01707779292008571,
2020-03-18,9867837.903700966,0.0005397100347106498,0.005573211303701697,
2020-03-19,9888756.4626097,0.00211987257116264,0.005211393436864276,
2020-03-20,9866642.362435749,-0.0022362872680268264,-0.005595541744267463,
2020-03-23,9862087.850192036,-0.0004616071077079287,0.0018829439248764235,
2020-03-24,9921761.354805801,0.006050798321838302,0.01806648841134173,
2020-03-25,9890866.543733627,-0.0031138433960831158,-0.009358076169283636,
2020-03-26,9943139.205668446,0.005284942598678288,0.004032181469189489,
2020-03-27,9951490.08191978,0.0008398631537385182,0.003683213314884748,
2020-03-30,10010888.69637688,0.005968816123830267,0.007373144724669434,
2020-03-31,10022954.771142466,0.0012052950673553386,0.0021157778896787605,
2020-04-01,10050034.702793937,0.002701791265130593,0.0012737727697575973,1543.164853471379
2020-04-02,10048510.348801807,-0.00015167649040126463,0.0033237294471073486,
2020-04-03,10062404.363433793,0.0013826939665384508,0.00267419485626319,
2020-04-06,10194280.853809737,0.013105862735468543,0.02587515876391544,
2020-04-07,10224816.53353872,0.002995373598871476,0.005886971346139136,
2020-04-08,10159935.827894261,-0.00634541514086262,-0.015592027069399994,
2020-04-09,10184926.547943173,0.002459732076289356,0.0038954115538629708,
2020-04-10,10123957.857384473,-0.005986168900846134,-0.007485380636656491,
2020-04-13,10108194.219420757,-0.0015570627797721892,-0.0007959471448930611,
2020-04-14,10172856.897218058,0.006397055338832391,0.019258690793485078,
2020-04-15,10238366.324297123,0.006439629274346714,0.011026448506073372,
2020-04-16,10288508.490715686,0.004897477276190942,0.00831205919833633,
2020-04-17,10278777.550337601,-0.0009458067111346447,0.0011525248077619565,
2020-04-20,10289988.371091034,0.0010906764640572497,0.0017007456201649784,
2020-04-21,10306565.514747165,0.0016109973168387803,0.00662659039779534,
2020-04-22,10341523.890575185,0.003391855005239197,0.006339917035377507,
2020-04-23,10393818.501831079,0.005056760667888849,0.010240187955735225,
2020-04-24,10423387.879978983,0.002844900374457726,0.005210163061469153,
2020-04-27,10388941.65885227,-0.0033047049120062955,-0.00510793824174538,
2020-04-28,10391860.0040638,0.0002809088073993937,0.0012548277421537968,
2020-04-29,10385563.628318626,-0.0006058949738267927,-0.0020517232659722495,
2020-04-30,10370005.25581218,-0.001498076855840913,-0.00039574167745326516,
2020-05-01,10434268.953206928,0.006197074717848361,0.007124251704236473,1657.404781343192
2020-05-04,10416118.983551815,-0.0017394577173071024,-0.002847509541751836,
2020-05-05,10513744.943527132,0.009372584945456008,0.0228442841687162,
2020-05-06,10557439.355529152,0.00415593228071609,0.006214894087226197,
2020-05-07,10490198.783871923,-0.006369022770849608,-0.014934081460462933,
2020-05-08,10352967.085472908,-0.0130818968473696,-0.0222447413344824,
2020-05-11,10218084.36590276,-0.013028411899368764,-0.026646115871904907,
2020-05-12,10197721.06905254,-0.001992868342149401,-0.003010992152923886,
2020-05-13,10124509.539795348,-0.007179204918574378,-0.01660075359573565,
2020-05-14,10068599.189283412,-0.0055222774290621945,-0.013720066402684195,
2020-05-15,9988701.974542214,-0.007935286055108626,-0.015306675683858906,
2020-05-18,9978105.516695386,-0.0010608443293067538,-0.0010742253077687947,
2020-05-19,9964790.525116675,-0.0013344208032709526,-0.001420357955207563,
2020-05-20,9936566.44954406,-0.0028323802192806724,-0.0014263094664519471,
2020-05-21,9940333.59231598,0.0003791191646580483,0.0002180927835677693,
2020-05-22,9922308.603633758,-0.001813318287039678,0.0006192754778582277,
2020-05-25,9880980.778721137,-0.004165142061544613,-0.011707364999694603,
2020-05-26,9844071.701781489,-0.0037353657259542317,-0.006980905221245615,
2020-05-27,9917958.869661061,0.0075057527126911605,0.017090680732275043,
2020-05-28,10024070.797396101,0.010698968318938684,0.021982240070808512,
2020-05-29,10051763.011769596,0.0027625717069645894,0.002943479928345649,
2020-06-01,10048071.62093428,-0.00036723814827255286,0.00020184939160672322,1569.975126174878
2020-06-02,9935865.07005953,-0.011166973635117872,-0.02365110583855423,
2020-06-03,10018774.045130044,0.008344414350024643,0.01784946060180248,
2020-06-04,10075032.429830799,0.005615296287483584,0.008013742814999114,
2020-06-05,10083492.099231014,0.0008396667166219451,0.0018097027325212345,
2020-06-08,10158297.861459289,0.007418636469599615,0.010225684192697981,
2020-06-09,10131100.675643796,-0.0026773369108105127,-0.004857513059423169,
2020-06-10,10239839.949054603,0.010733214178023864,0.019615730073576865,
2020-06-11,10168574.58300407,-0.006959617182015765,-0.015174334359241093,
2020-06-12,10085480.980427597,-0.00817160772123926,-0.012325299584571958,
2020-06-15,10036290.733862245,-0.0048773327381026466,-0.00678083704733301,
2020-06-16,10107781.982509695,0.0071232739807187695,0.007459690108529093,
2020-06-17,10089958.972195195,-0.0017632958788921238,-0.0037961872310040556,
2020-06-18,10126530.197820919,0.0036245167821298274,0.003778180678961407,
2020-06-19,10058346.682859452,-0.00673315673083541,-0.012233761340420535,
2020-06-22,9983227.851656828,-0.007468308020306735,-0.01340501923206383,
2020-06-23,9909924.989316776,-0.007342601353918399,-0.010271188847618129,
2020-06-24,9915240.366581405,0.0005363690714468294,0.005871177324328514,
2020-06-25,9947645.262927055,0.0032681906991249843,0.010634021598342702,
2020-06-26,9937950.935988924,-0.0009745348453730207,-0.002873566973890962,
2020-06-29,9948543.467439625,0.0010658667484806372,0.0004231522599102977,
2020-06-30,10003593.110840553,0.005533437490734094,0.010445558798138688,
2020-07-01,9925083.555936035,-0.007848135568352954,-0.009988492072916522,1630.6180648085244
2020-07-02,9997903.454132402,0.007336955682636592,0.011624890120006226,
2020-07-03,9972448.37910698,-0.002546041291777157,-0.005074283146605185,
2020-07-06,10001970.305643937,0.0029603488947416157,0.010039630153838575,
2020-07-07,10027868.162025549,0.0025892754717535826,0.002098109232458123,
2020-07-08,9943694.259097569,-0.008393997763825545,-0.015408721056752728,
2020-07-09,10128735.62200687,0.018608915166514306,0.042514552688460494,
2020-07-10,10021833.865623873,-0.010554304147373572,-0.017066997851402532,
2020-07-13,10016924.788189145,-0.0004898382372477972,0.004966947920874709,
2020-07-14,10026646.42357171,0.0009705209521018165,0.0015641020961536523,
2020-07-15,10062598.95938719,0.0035856989761762215,0.006205974145507609,
2020-07-16,10145775.482999163,0.008265908633313668,0.009755664196153147,
2020-07-17,10191405.565124642,0.004497446469413857,0.009970068636976581,
2020-07-20,10316433.290576875,0.012267957020578368,0.020174789279302052,
2020-07-21,10156489.92577165,-0.015503746333659585,-0.02746066353769472,
2020-07-22,10126952.771168899,-0.0029082049820974287,-0.00039701168070704895,
2020-07-23,9896709.60585659,-0.02273568076349719,-0.037609547727252224,
2020-07-24,10044929.4988815,0.014976684062468326,0.024797464296625105,
2020-07-27,10127850.802012589,0.008255040828342386,0.020710989208900354,
2020-07-28,10040644.042444475,-0.008610588887307147,-0.012475900050845978,
2020-07-29,10052618.366216246,0.0011925852287115735,0.006319007323305259,
2020-07-30,9962064.39270866,-0.009007998733137068,-0.013349589298305431,
2020-07-31,9827520.917601436,-0.013505581755293261,-0.020794712135452587,
2020-08-03,9598846.697305365,-0.023268759457586885,-0.04418675938614647,1853.239907743988
2020-08-04,9679154.25731123,0.008366375934351522,0.010988812397459746,
2020-08-05,9690119.667002525,0.0011328892380253475,-0.005122502913470384,
2020-08-06,9696795.065389253,0.0006888870949095516,0.008932012947401535,
2020-08-07,9757982.95064557,0.00631011430515982,0.009017011937246133,
2020-08-10,9726442.053055419,-0.0032323173497720292,-0.008634413684769582,
2020-08-11,9772340.349567203,0.004718919442630698,0.008578102168064206,
2020-08-12,9782187.778548725,0.0010076837921386694,-9.927988319180514e-05,
2020-08-13,9809671.243952954,0.0028095417943720946,0.0036378728711146113,
2020-08-14,10031276.124843014,0.022590449300394777,0.04087847761791963,
2020-08-17,9956834.426595928,-0.007420959937761817,-0.010175025037320373,
2020-08-18,9922930.78145648,-0.0034050626621737745,-0.004367175277039559,
2020-08-19,9934781.77772763,0.0011943040349828848,0.008086566456774857,
2020-08-20,10053327.286201663,0.011932371654080676,0.028643665475186264,
2020-08-21,10044674.478115818,-0.0008606909771774474,-0.004795406029089233,
2020-08-24,10037857.04653266,-0.0006787110521112583,-0.0005241312472960002,
2020-08-25,9854894.484724747,-0.01822725318359797,-0.029649617408121998,
2020-08-26,9819590.365492554,-0.003582394442367187,-0.0006265093559655321,
2020-08-27,9559466.865633722,-0.026490259794639037,-0.05678678231029388,
2020-08-28,9685259.106745597,0.013158918052647683,0.017632657095051574,
2020-08-31,9883577.592682438,0.020476322187262586,0.025028773263126025,
2020-09-01,10013102.267352313,0.013105039491547288,0.019170741628431465,1687.2376471860705
2020-09-02,10190218.19198265,0.017688416626665537,0.026565204403142584,
2020-09-03,10258954.341071209,0.006745306900556747,0.005684142444473572,
2020-09-04,10306781.612688558,0.004662002581089064,3.994189203249121e-05,
2020-09-07,10506189.078663632,0.019347209775899987,0.029605381290195965,
2020-09-08,10510576.891951682,0.0004176408072609217,0.003213990156212043,
2020-09-09,10265829.529993786,-0.02328581622815662,-0.04170273698297344,
2020-09-10,10316601.70497485,0.004945744991451839,0.005445917346065254,
2020-09-11,10139150.55660456,-0.017200542721807377,-0.03629184604167934,
2020-09-14,10014247.938192278,-0.01231884443523934,-0.023719100079623745,
2020-09-15,9816624.777410097,-0.019734198913578638,-0.029729809978207622,
2020-09-16,9765685.693510767,-0.005189062947231204,-0.006749599895777725,
2020-09-17,9777203.682994157,0.0011794347928935078,0.003317939040720308,
2020-09-18,9773302.932728063,-0.00039896379297876816,0.004968770145867163,
2020-09-21,9703390.424198836,-0.007153416711878413,-0.01754714240193289,
2020-09-22,9674227.779561106,-0.003005407735115151,-0.005495188490418412,
2020-09-23,9674727.077734726,5.161116576912761e-05,-0.009796565011861769,
2020-09-24,9691017.341176178,0.0016837956575481705,-0.007012987946589666,
2020-09-25,9787738.088286895,0.009980453414293322,0.023413929575690773,
2020-09-28,9528229.926109731,-0.02651359893740113,-0.04056193252988893,
2020-09-29,9683144.46047852,0.016258479861436248,0.033565635313699715,
2020-09-30,9536350.028377036,-0.015159789539505697,-0.011556954693903054,
2020-10-01,9550267.18275798,0.0014593795676050014,0.008542800848295506,1751.3788578602714
2020-10-02,9563689.029201057,0.0014053896279790923,0.009001598625493878,
2020-10-05,9586407.296615016,0.0023754711539232254,0.0052824293423194835,
2020-10-06,9483135.67863192,-0.010772713362550368,-0.010070699526679383,
2020-10-07,9348833.912481353,-0.014162168580292067,-0.02978737167836043,
2020-10-08,9320842.046907121,-0.0029941558312273076,-0.007956446742891421,
2020-10-09,9166932.665893208,-0.016512390215322248,-0.030519182056392036,
2020-10-12,9306226.573310759,0.015195258053526617,0.022414754708369955,
2020-10-13,9352406.88489893,0.00496230252126173,0.020161646216569906,
2020-10-14,9449000.787989546,0.01032824002199706,0.014226251819720037,
2020-10-15,9445313.459316585,-0.000390234772511322,0.001084674551377729,
2020-10-16,9238863.808377435,-0.021857363636302973,-0.046381092730372386,
2020-10-19,9317999.744522039,0.008565548511803689,0.01685179253482727,
2020-10-20,9419599.26985965,0.010903576746429833,0.006994639102895439,
2020-10-21,9302523.264793593,-0.012428979377145044,-0.023759995216153906,
2020-10-22,9450414.562900398,0.015897976699130068,0.018354799346105732,
2020-10-23,9388814.188395996,-0.006518272197944319,-0.012994506109242021,
2020-10-26,9551690.425489724,0.017347902922078662,0.02483026164996449,
2020-10-27,9512884.593266968,-0.004062718795743048,-0.001970489832080702,
2020-10-28,9387536.458905574,-0.013176669298617605,-0.032332377695112324,
2020-10-29,9379889.236127276,-0.0008146144424338031,0.008971077812909067,
2020-10-30,9364915.722872829,-0.0015963422251059622,-0.012960137093734447,
2020-11-02,9359133.183381641,-0.0006174683961185368,-0.005223925132152085,1342.6929824448835
2020-11-03,9279059.629268292,-0.008555659220186085,-0.021425774319871582,
2020-11-04,9186153.349849956,-0.010012467117388568,-0.015131177665743012,
2020-11-05,9180328.06855587,-0.0006341371706125587,0.003333196648590331,
2020-11-06,9255811.21629391,0.008222271271174142,0.007812367361980543,
2020-11-09,9320409.48153507,0.0069792116251723435,0.0062166655900803836,
2020-11-10,9249729.460781394,-0.007583360033022402,-0.01864545427162645,
2020-11-11,9127381.712939203,-0.013227170411950095,-0.020238921986570513,
2020-11-12,9142117.087069865,0.0016144141435185944,0.0008744764254204895,
2020-11-13,9180469.25762155,0.004195108221259458,0.00996791393408003,
2020-11-16,9206520.278956015,0.002837656834680624,0.001064272682738121,
2020-11-17,9237965.452534202,0.003415532972871782,0.0034584615701303,
2020-11-18,9411933.421561042,0.018831848843850807,0.032979987625551876,
2020-11-19,9361926.33666546,-0.005313157526276591,-0.008524109942459113,
2020-11-20,9198104.062913507,-0.0174987783347913,-0.03682982898637166,
2020-11-23,9091262.12526673,-0.011615647846120791,-0.012959716788499942,
2020-11-24,9012132.05034328,-0.008703970233520097,-0.014664922673790493,
2020-11-25,9069535.824030472,0.006369610805359249,0.016104983975435028,
2020-11-26,8923501.01827076,-0.016101684649922232,-0.032593138400717425,
2020-11-27,8893294.614991922,-0.0033850394836053566,-0.00040812630079545276,
2020-11-30,8808954.32398014,-0.009483582256412104,-0.02628518590352169,
2020-12-01,8851532.351670502,0.004833493979467418,0.01038081715645256,1207.9556629004196
2020-12-02,8825038.738152537,-0.0029931103977679507,-0.004787654753458548,
2020-12-03,8809381.73201295,-0.0017741572138260109,-0.0008371613861629656,
2020-12-04,8700840.386536371,-0.012321108197882236,-0.02474744060953782,
2020-12-07,8550401.656205954,-0.017290137923137272,-0.03358083603028694,
2020-12-08,8548337.214611392,-0.00024144381487190003,0.0021286249279357516,
2020-12-09,8565845.16706241,0.002048112049334083,0.01000666647962789,
2020-12-10,8583195.789665647,0.0020255587469586445,6.385114351292742e-05,
2020-12-11,8595498.914478952,0.0014333967341300102,0.001466399238432281,
2020-12-14,8580135.77625757,-0.001787346886345631,0.0024868958649888473,
2020-12-15,8618484.343460867,0.004469459249049734,0.006938470182792145,
2020-12-16,8635052.07879781,0.0019223490670390309,0.006283127064897531,
2020-12-17,8634930.229299769,-1.411103221260479e-05,0.0019791533456032795,
2020-12-18,8768635.456665624,0.015484227876233492,0.03145518296894201,
2020-12-21,8694752.735355826,-0.008425794603382109,-0.017535721886313138,
2020-12-22,8726500.380691826,0.003651356893325186,-0.004182359153750093,
2020-12-23,8691109.007766752,-0.004055620395477355,-0.006898537213056999,
2020-12-24,8636739.730521245,-0.006255735280379038,-0.005098866274281688,
2020-12-25,8640769.082272783,0.00046653620199976764,-0.009613780841520203,
2020-12-28,8631017.495589197,-0.001128555408753229,-0.006965166330817563,
2020-12-29,8680299.296114828,0.005709848294342734,0.004515955807932626,
2020-12-30,8569142.905117963,-0.01280559427790906,-0.02816530748838819,
2020-12-31,8542041.208088916,-0.003162708024493366,-0.011311972533161074,
2021-01-01,8654654.681621477,0.013183438336251685,0.028638927956827098,1138.042944268394
2021-01-04,8635880.323905293,-0.002169278660655527,-0.008904803700398367,
2021-01-05,8611066.164503034,-0.0028733792585765583,-0.0028703724096212913,
2021-01-06,8601289.387380056,-0.0011353735920971442,-0.010653920920930093,
2021-01-07,8661050.50791675,0.006947925810329769,0.009532817506991309,
2021-01-08,8645716.207783692,-0.0017704896327578323,0.0025329998195458003,
2021-01-11,8709065.017876297,0.007327190549647256,0.01749438961203742,
2021-01-12,8781563.29008615,0.008324461014017182,0.018718190106251642,
2021-01-13,8797793.056725346,0.0018481637156242403,0.0007603553298929366,
2021-01-14,8760401.744679872,-0.004250078605439578,-0.004762473597154648,
2021-01-15,8682872.238404002,-0.008849994387866156,-0.015211069202306193,
2021-01-18,8760421.229337025,0.00893126016412249,0.016032716086080256,
2021-01-19,8687951.376656616,-0.008272416449305098,-0.021374450139955092,
2021-01-20,8931717.463851623,0.028057947912781156,0.060989174934584556,
2021-01-21,8979173.51888755,0.00531320602426022,0.008417905644564794,
2021-01-22,9045934.143138446,0.007435052247343865,0.01749453180100824,
2021-01-25,9118734.854616653,0.008047893155780805,0.013250281685845744,
2021-01-26,8972793.41512421,-0.016004571008943813,-0.030980089532503863,
2021-01-27,8959264.14980503,-0.0015078097414318314,-0.006140445012265183,
2021-01-28,9006292.256087728,0.0052491036648050216,0.012302703387183866,
2021-01-29,8967064.285447758,-0.004355618219412549,-0.01028359091289921,
2021-02-01,9005214.870036282,0.004254523372876573,0.017227755593748784,1444.4278979525213
2021-02-02,9030880.797774961,0.002850118304681404,0.0006131639163318159,
2021-02-03,9048866.943645343,0.0019916269822555233,0.007093677853507341,
2021-02-04,9057529.991167642,0.0009573626815655434,0.0037319341845680754,
2021-02-05,9104342.315062705,0.005168332198812742,0.009402965852964185,
2021-02-08,9108288.737479195,0.00043346595283000333,-0.0010517238347412805,
2021-02-09,9126617.822754461,0.0020123522434949415,0.0015380895575538567,
2021-02-10,9105250.590037413,-0.002341199459867327,-0.004458093588135981,
2021-02-11,9121096.15045846,0.0017402662633343446,0.0033797268976238914,
2021-02-12,9145424.629116576,0.0026672757590535667,0.008241379092474688,
2021-02-15,9146925.081217922,0.0001640658758008673,0.0035988827745019325,
2021-02-16,9092732.62382352,-0.00592466396228386,-0.013813525147311934,
2021-02-17,9120864.858612854,0.0030939252206345635,0.007197767537834743,
2021-02-18,9066053.256646704,-0.0060094741908593985,-0.01448009224197322,
2021-02-19,9068123.964879408,0.00022840239011245878,0.004060975887080875,
2021-02-22,9044506.350509617,-0.002604465318434279,-0.0030692396439926384,
2021-02-23,9044601.390847089,1.0508073496673376e-05,0.0008713564114992689,
2021-02-24,9046880.136390787,0.0002519453810319039,0.0037088313503654824,
2021-02-25,9026330.670331124,-0.0022714422817433633,-0.0036947424042579335,
2021-02-26,9061982.890324336,0.003949802117309664,0.008026325148460245,
2021-03-01,9103703.098759193,0.0046038719052761135,0.01099439645737843,1336.3527398549616
2021-03-02,9091577.01081264,-0.0013319951029824306,-0.0017826659793717115,
2021-03-03,9105459.535621904,0.0015269655410445893,0.006486907701478861,
2021-03-04,9120867.350044595,0.00169215121569799,0.000872996640728152,
2021-03-05,9094997.453570724,-0.002836341707539991,-0.00243683313056664,
2021-03-08,9094248.853349824,-8.230900830064058e-05,0.0015368574975773708,
2021-03-09,9098547.58283056,0.0004726865901798494,-0.001474326746851995,
2021-03-10,9027799.089542653,-0.007775800768620722,-0.016613509876264865,
2021-03-11,8997298.44935359,-0.0033785244760700106,-0.007114985574601107,
2021-03-12,9015913.891000507,0.002069003462728869,0.004710290222230684,
2021-03-15,9020746.205586554,0.0005359761244914107,0.001958606976380839,
2021-03-16,9028958.445988424,0.0009103726249146682,-0.002645890425364006,
2021-03-17,9033741.61513095,0.000529758683810444,0.0033189635349903934,
2021-03-18,9046722.453065772,0.0014369281841180026,0.002624992848332397,
2021-03-19,9000253.193204232,-0.00513658511163817,-0.011881363781024445,
2021-03-22,8995023.356118292,-0.0005810766623641772,0.003404329869090672,
2021-03-23,8999569.782051712,0.0005054379242193097,-0.005180634622654612,
2021-03-24,8993845.821710924,-0.0006360259967319593,-0.0014450914649938307,
2021-03-25,8998464.100303102,0.0005134931912029739,0.002197546405770856,
2021-03-26,9004874.844537351,0.000712426494431817,0.0053850889452959905,
2021-03-29,9027435.484229397,0.002505380705622118,0.003821234159786968,
2021-03-30,9012564.867090177,-0.0016472692787667942,-0.0009382098056274213,
2021-03-31,9021631.895299684,0.0010060430458167513,0.0030736817938330496,
2021-04-01,9034946.762118425,0.0014758822985980746,0.003116276323137601,1524.1427192200779
2021-04-02,9046414.491250932,0.0012692636087894282,-0.0006142858864078837,
2021-04-05,9068810.168139212,0.0024756412510105186,0.004787573574799531,
2021-04-06,9024750.315519355,-0.004858393968224073,-0.010994781690098376,
2021-04-07,9017179.217402475,-0.0008389260480548,-0.0015513265101451124,
2021-04-08,9028191.116406754,0.0012212132795395014,0.004122079560138658,
2021-04-09,9028060.70513588,-1.4444894795850871e-05,-0.0013843567591048656,
2021-04-12,9037666.353750512,0.0010639769634210872,0.001652351407019026,
2021-04-13,9072530.002661793,0.003857594156130073,0.007263147796759517,
2021-04-14,9109065.514504794,0.004027047784056048,0.008194373632390617,
2021-04-15,9124111.925948221,0.0016518062604191641,0.001723677195845763,
2021-04-16,9146094.794412058,0.0024093159577887047,0.0057154777555339376,
2021-04-19,9151484.28991192,0.0005892674000225195,0.005542298151114844,
2021-04-20,9150187.901851285,-0.000141658775731468,-0.003026575264626019,
2021-04-21,9199062.599942684,0.005341387369926176,0.009792513906772493,
2021-04-22,9191435.427098257,-0.0008291250072017808,-0.0022733754730290823,
2021-04-23,9227701.563015841,0.003945644421399441,0.008613871872630963,
2021-04-26,9238975.481411044,0.0012217471835442861,0.0004960458093312692,
2021-04-27,9252790.9767373,0.001495349279154734,0.003681710763255186,
2021-04-28,9268304.659280527,0.0016766489789115102,0.0035328812505615037,
2021-04-29,9309547.29554913,0.0044498576368339204,0.007293695224767749,
2021-04-30,9314148.321741981,0.0004942266306602328,0.00381448233397208,
2021-05-03,9325991.90999803,0.0012715696429701495,0.003546036015765086,953.1075524654673
2021-05-04,9333857.620900415,0.0008434181562986254,0.0002383945752468808,
2021-05-05,9321073.849539287,-0.00136961285251469,-0.0015686297958832363,
2021-05-06,9302080.447995014,-0.0020376838388863616,-0.0051232389556054025,
2021-05-07,9256484.818605214,-0.004901659327148478,-0.009518218955071323,
2021-05-10,9292397.716638006,0.003879755515896033,0.007489419046271761,
2021-05-11,9279455.421677683,-0.0013927831497301257,-0.0031974235856098154,
2021-05-12,9205420.208437108,-0.007978400657825402,-0.018101320153370515,
2021-05-13,9179518.754975501,-0.0028137176658015184,-0.003734888071466713,
2021-05-14,9149872.338476462,-0.0032296264423415932,-0.005524628653669761,
2021-05-17,9124098.729323901,-0.002816827186121418,-0.0075488204090791156,
2021-05-18,9122069.607023112,-0.00022239153268555079,-0.0005353234712883737,
2021-05-19,9144803.2057329,0.0024921536108741815,0.004672008428413088,
2021-05-20,9140846.107707012,-0.00043271549281753696,0.0005923244758416768,
2021-05-21,9177873.16737695,0.004050725636735031,0.006228060420859771,
2021-05-24,9194430.361379817,0.0018040338650264776,0.0044623323315875485,
2021-05-25,9180396.79063356,-0.0015263121471020824,-0.0015491243641893027,
2021-05-26,9189417.54360403,0.0009826103572858624,0.004543928203633918,
2021-05-27,9179371.0969029,-0.0010932626201235474,-0.0006391026405694333,
2021-05-28,9145631.096759204,-0.0036756330894041067,-0.007963077830605236,
2021-05-31,9196868.610994294,0.00560240334352069,0.012586634821118547,
2021-06-01,9249872.145656241,0.005763215383830067,0.010715280677014327,1128.2837156641683
2021-06-02,9235921.527412008,-0.0015081957917422173,-0.004015267095652142,
2021-06-03,9218214.960267443,-0.001917141358554475,-0.0036669286599704254,
2021-06-04,9211165.72941874,-0.0007647067115582606,-0.0017946175154449628,
2021-06-07,9202350.51725218,-0.0009570137402267198,-0.001405537175628302,
2021-06-08,9184257.847298943,-0.001966092241250661,-0.0045816117725004935,
2021-06-09,9195492.29858822,0.0012232290813329882,0.0055810406659067,
2021-06-10,9214968.757390037,0.0021180441644008674,0.0028419570826567764,
2021-06-11,9227612.991147183,0.0013721407082367687,0.002654777915804596,
2021-06-14,9226455.579756588,-0.00012542912145374618,-0.0012127593459759778,
2021-06-15,9209931.046404704,-0.001790994733464002,-0.0028843295886344933,
2021-06-16,9194115.28039147,-0.0017172512946672658,-0.005120741604793699,
2021-06-17,9190896.274206068,-0.0003501159260278497,-0.0012975224063277446,
2021-06-18,9212799.22812608,0.002383114036601963,0.004262592115238606,
2021-06-21,9208566.575019717,-0.0004594318188809732,0.0016105734717684062,
2021-06-22,9272031.240574181,0.006891915808767246,0.013449806351544025,
2021-06-23,9292039.523738727,0.0021579180058184377,0.006200706338604034,
2021-06-24,9234418.290928476,-0.0062011394444722034,-0.010038541119418709,
2021-06-25,9191005.538599666,-0.004701189718843035,-0.012299114925420906,
2021-06-28,9224472.203750268,0.003641240886000041,0.009131322186480606,
2021-06-29,9185062.359828249,-0.00427231423668839,-0.009245739885415882,
2021-06-30,9161550.850324918,-0.002559755022041088,-0.006843476554141414,
2021-07-01,9119139.029237876,-0.0046293276957075635,-0.00950714419458043,888.032499154563
2021-07-02,9131076.9270361,0.00130910360725367,0.0021125177004519546,
2021-07-05,9119239.2518101,-0.0012964161095773141,-0.0006836996256249783,
2021-07-06,9129459.632713424,0.001120749288521461,-0.00015459046473209614,
2021-07-07,9108955.734045638,-0.0022459049596227354,-1.3780082494307955e-05,
2021-07-08,9155930.84391927,0.005157024717779457,0.00513760344938774,
2021-07-09,9243038.468863524,0.009513792363569973,0.01856940899298065,
2021-07-12,9308374.754985502,0.007068702174298114,0.014069996946425523,
2021-07-13,9284780.527937599,-0.0025347311070890166,-0.011164626569208247,
2021-07-14,9254248.274014162,-0.0032884195626989854,-0.005196369889392316,
2021-07-15,9319952.904039953,0.007099942435118134,0.012811637646585217,
2021-07-16,9302318.911948787,-0.0018920687982791895,0.0036527907154781936,
2021-07-19,9355260.812968679,0.005691258440074343,0.013325623149877064,
2021-07-20,9207678.937546015,-0.015775281777080874,-0.027025680658185447,
2021-07-21,9328726.192222644,0.013146337475238967,0.032113240766624696,
2021-07-22,9374155.22996414,0.0048698007429321954,0.011337673886110622,
2021-07-23,9444772.168435503,0.0075331522402826145,0.020759193155564182,
2021-07-26,9445589.802772997,8.657004350265396e-05,-0.0009122336728296654,
2021-07-27,9343894.666874766,-0.010766414593652462,-0.017637928301376005,
2021-07-28,9417530.280787136,0.007880612585822178,0.014725286400173898,
2021-07-29,9470124.771579968,0.005584743475699705,0.01491465502541689,
2021-07-30,9380664.368253784,-0.009446591833156881,-0.02384613438674077,
2021-08-02,9449652.23172419,0.007354261997036815,0.020490027224435936,1259.2274092188331
2021-08-03,9394032.301590113,-0.005885923499634238,-0.011503909347421848,
2021-08-04,9423899.530834518,0.003179383281378456,0.0011668238288549126,
2021-08-05,9288966.198976573,-0.014318205687194663,-0.030304990071899685,
2021-08-06,9275956.755595278,-0.0014005265066771022,-0.005001680620155158,
2021-08-09,9145810.529950378,-0.014030490770280402,-0.027200878436486664,
2021-08-10,9062478.833583014,-0.009111461044865599,-0.015119148921491798,
2021-08-11,8985663.902888788,-0.008476150080436229,-0.023271690891186192,
2021-08-12,9008183.282647539,0.002506145344642885,0.009527201126467988,
2021-08-13,8978956.605401464,-0.003244458547193907,-0.0029808287249339926,
2021-08-16,9012401.0736026,0.00372476109095099,0.005948519767661642,
2021-08-17,8887199.972322203,-0.013892091603325496,-0.023720089543600498,
2021-08-18,8968437.29621556,0.009140935744256673,0.023738480669623918,
2021-08-19,8924014.887830367,-0.004953193841689463,-0.013088013841001667,
2021-08-20,8933259.922454856,0.0010359725684787602,0.01022068293337619,
2021-08-23,8750815.348283336,-0.020423067923157956,-0.043735535790613844,
2021-08-24,8801142.82318082,0.0057511755070180914,0.011654516306492502,
2021-08-25,8778161.438977694,-0.002611181827727793,-0.01184395844104369,
2021-08-26,8880608.10763723,0.011670629364896712,0.022838924923569648,
2021-08-27,8855645.78114932,-0.0028108803119509806,-0.010184941426321648,
2021-08-30,8991476.516010856,0.015338320684717743,0.031318107138909035,
2021-08-31,8987767.748223815,-0.00041247594657423114,-0.009258585340827796,
2021-09-01,8994909.270757029,0.000794582451757897,0.0004052435196475468,1574.0621821930952
2021-09-02,8991255.149289783,-0.00040624328242255814,-0.003543181425742725,
2021-09-03,9009327.801317586,0.0020100254889585667,0.0015112812432951372,
2021-09-06,9058528.43041253,0.005461076584176494,0.01424354736775535,
2021-09-07,9100710.123821605,0.004656572392868652,0.0058888898029501036,
2021-09-08,9057424.226722986,-0.004756320826582172,-0.005813435737446304,
2021-09-09,8986328.367289167,-0.007849456716850889,-0.017783722179714467,
2021-09-10,8978898.544965869,-0.0008267917685206294,-0.003222194833250258,
2021-09-13,8970033.243102182,-0.0009873484837020774,0.0020334099058760824,
2021-09-14,8924108.893821366,-0.005119752406283484,-0.016009479122621517,
2021-09-15,9041601.713775303,0.013165776140997565,0.031483229997150586,
2021-09-16,9106034.175612148,0.007126222087252332,0.013504832861746197,
2021-09-17,9062412.882505495,-0.004790372215325078,-0.013546793741800123,
2021-09-20,9015777.353681352,-0.005146038856182589,-0.019121093498335462,
2021-09-21,8836215.71003284,-0.01991637954271286,-0.04118779188403754,
2021-09-22,8946424.913207762,0.012472443723820392,0.02460071199102698,
2021-09-23,9042620.645466104,0.010752421575273896,0.018478535303485755,
2021-09-24,9019771.697218787,-0.0025268060159941985,-0.004019208462932133,
2021-09-27,9224068.840098727,0.022649923937978933,0.0472643464096949,
2021-09-28,9235080.891336355,0.0011938387959287144,0.005469854529616125,
2021-09-29,9181275.305578126,-0.005826217051190796,-0.013705988418590609,
2021-09-30,9165470.939557709,-0.0017213693625780513,-0.007321078583252261,
2021-10-01,9066434.233882748,-0.010805413745574532,-0.023363699083932654,1548.1940648188738
2021-10-04,9208553.567912051,0.015675328399579636,0.028688757045841173,
2021-10-05,9306545.357578067,0.010641387807904579,0.024675667816251634,
2021-10-06,9173732.02052132,-0.014270960055935311,-0.03050474453928098,
2021-10-07,9183834.724828046,0.001101264380093836,0.004200081138652889,
2021-10-08,9229710.037789084,0.004995224144987764,0.00836477757682208,
2021-10-11,9218523.861440197,-0.001211974840280794,-0.006305044660177339,
2021-10-12,9154867.627448905,-0.006905252397030326,-0.019553920252766144,
2021-10-13,9270907.923608435,0.012675256582804995,0.026402436047877842,
2021-10-14,9292907.826954275,0.002373004189785588,0.005122768181982762,
2021-10-15,9436263.43878743,0.015426346037496375,0.03192245843145991,
2021-10-18,9493784.456525616,0.006095740979607189,0.013078178292170506,
2021-10-19,9442021.513815437,-0.005452298074304807,-0.006869137643893963,
2021-10-20,9390806.02039396,-0.0054242085073136215,-0.005262048182878565,
2021-10-21,9331962.062106155,-0.006266124351840929,-0.015886698297270074,
2021-10-22,9211361.854106022,-0.012923349580454047,-0.028010113749800003,
2021-10-25,9003693.428612877,-0.022544812459036723,-0.04451318938430826,
2021-10-26,8937443.825015033,-0.007358047463867368,-0.01951013198204199,
2021-10-27,9118921.15134372,0.020305283018478892,0.0338056492916019,
2021-10-28,9246426.534482207,0.013982507472355854,0.032737222960229184,
2021-10-29,9306374.43849469,0.006483359143007572,0.010019886882193463,
2021-11-01,9361716.55372766,0.005946689078407896,0.016834675044550274,1105.968469560907
2021-11-02,9384391.015439436,0.0024220410414741433,-0.0031391288106178417,
2021-11-03,9447527.034033021,0.006727769387455451,0.01997805808155273,
2021-11-04,9485646.639653971,0.0040348765855477975,0.004167891537594892,
2021-11-05,9426312.23035932,-0.006255178117916538,-0.003667530446128997,
2021-11-08,9410816.38724601,-0.0016438924082529116,-0.00746779112985374,
2021-11-09,9354023.487470288,-0.0060348536661167795,-0.015917459730099837,
2021-11-10,9200207.423116527,-0.016443839868458432,-0.037531615403391894,
2021-11-11,9221754.021827983,0.0023419687970640535,0.0027235276309314216,
2021-11-12,9213115.134604674,-0.0009367943671952927,0.00021159709148288464,
2021-11-15,9269821.80725683,0.00615499446426826,0.01616707027244435,
2021-11-16,9247151.25376267,-0.002445629912369296,-0.00851261812499804,
2021-11-17,9271094.415425234,0.0025892473266100335,0.014002421406880794,
2021-11-18,9406065.451387275,0.014558263557048479,0.03313368878245093,
2021-11-19,9320365.946717964,-0.0091110895530363,-0.018972250644378463,
2021-11-22,9284402.264879081,-0.0038586126386536135,-0.010877592032567995,
2021-11-23,9249824.40653064,-0.003724295583275472,-0.0008499618099729878,
2021-11-24,9199362.474893197,-0.005455447521989121,-0.015400151767296921,
2021-11-25,9285886.673840128,0.009405455995790124,0.010305254760098581,
2021-11-26,9293449.134923423,0.0008144037665891446,0.002009764579733453,
2021-11-29,9143014.60735169,-0.01618715779122537,-0.03907760084234202,
2021-11-30,9216330.045223191,0.008018737913045637,0.025822798909691302,
2021-12-01,9204265.467130497,-0.0013090436251191884,-0.0005281470314605352,797.6649409989744
2021-12-02,9180213.16148193,-0.0026131694847851827,-0.0056424910476639,
2021-12-03,9177880.135797989,-0.00025413633026849514,0.0027827094302907973,
2021-12-06,9099710.451958112,-0.008517182909698051,-0.011769141920970339,
2021-12-07,9007579.509844948,-0.010124601502385144,-0.023843914868575844,
2021-12-08,8932319.516469285,-0.008355185018728561,-0.01722615731549959,
2021-12-09,8931921.615066081,-4.4546257270572376e-05,-0.00612471488111499,
2021-12-10,9024067.614743035,0.010316481004661426,0.02337391004807099,
2021-12-13,9017250.552012559,-0.0007554312557830345,-0.006147659565865493,
2021-12-14,9079140.312568393,0.0068634846285844375,0.011572772437381307,
2021-12-15,9086881.110455777,0.0008525915032582265,0.0017410730977678313,
2021-12-16,9143222.323353356,0.006200280625741739,0.014680405322571977,
2021-12-17,9114507.321446672,-0.003140577893784857,-0.010175978101722327,
2021-12-20,9078137.024369642,-0.003990374443108902,-0.00942014057615137,
2021-12-21,9228776.135642402,0.016593615063132283,0.03622036949046947,
2021-12-22,9174216.943967171,-0.005911855577958813,-0.015941350286167943,
2021-12-23,9138278.688121645,-0.003917310443498745,-0.006314244368906041,
2021-12-24,9135130.283258507,-0.00034452931132755715,-0.0027090911045587474,
2021-12-27,9141696.003411654,0.0007187330612219434,-0.0011740574321986719,
2021-12-28,9169846.397616368,0.003079340441227485,0.010752450412968129,
2021-12-29,9167451.175954675,-0.0002612063013743837,0.007879552758929265,
2021-12-30,9219760.542513683,0.005705988017281172,0.013540513664079823,
2021-12-31,9301094.564560685,0.008821706558642006,0.012184035163898876,
2022-01-03,9049218.043110678,-0.027080309709968442,-0.051500366784384854,1169.7222652597923
2022-01-04,9033740.139063433,-0.0017104134272716287,-0.006809466450843571,
2022-01-05,9017421.017329682,-0.001806463489378518,0.001052976547084361,
2022-01-06,8981404.168815222,-0.003994140724409179,-0.0039051138482131265,
2022-01-07,8930424.761527285,-0.005676106578628826,-0.009015600960012082,
2022-01-10,8937231.154829772,0.0007621578462662093,-0.002335722738065704,
2022-01-11,9100144.191128643,0.018228580359682223,0.0348491639812436,
2022-01-12,9150253.428266525,0.005506422325344262,0.010838649602725736,
2022-01-13,9210857.601477973,0.006623223464415906,0.009096449145937546,
2022-01-14,9333130.70530783,0.013274888085365477,0.029953884502971206,
2022-01-17,9460467.697380355,0.0136435453539836,0.032270937787997944,
2022-01-18,9387793.136561807,-0.007681920507869977,-0.02309190680568407,
2022-01-19,9436751.195567898,0.005215076460879597,0.008675669909959716,
2022-01-20,9680820.854558155,0.025863737840718715,0.048371399803980974,
2022-01-21,9619923.651968196,-0.006290499897153468,-0.014479468753340496,
2022-01-24,9535102.46145698,-0.008817241547843357,-0.022234847936628777,
2022-01-25,9474261.776737504,-0.006380705919564966,-0.027891055930075015,
2022-01-26,9536120.927928053,0.006529179016610431,0.01501432854790763,
2022-01-27,9483231.031058032,-0.005546269522980207,-0.007856745909362806,
2022-01-28,9433703.1930217,-0.005222675465158089,-0.00654303945954593,
2022-01-31,9335137.298551615,-0.01044827173945817,-0.023599158273964083,
2022-02-01,9391985.871789802,0.006089741523888081,0.010164225675201477,1360.9570663555191
2022-02-02,9299518.905394517,-0.009845305099214774,-0.020383900105921948,
2022-02-03,9186106.348461691,-0.012195529477018074,-0.0157048332430062,
2022-02-04,9211068.718366064,0.0027174048456943822,0.0049482154618385454,
2022-02-07,9245274.683514325,0.0037135718117113914,0.010493673897273403,
2022-02-08,9282485.021946212,0.004024795336609932,0.008487749594674687,
2022-02-09,9222195.043029403,-0.006495025715017921,-0.00965453433025576,
2022-02-10,9160320.417401463,-0.006709316528141329,-0.01848015914870016,
2022-02-11,9108185.399782127,-0.005691396724539999,-0.015693203416407453,
2022-02-14,9207959.732446117,0.010954358995193259,0.02300587756375827,
2022-02-15,9309941.172198642,0.011075356834280292,0.01861471543081583,
2022-02-16,9357595.4175806,0.005118640870069413,0.00951309629031849,
2022-02-17,9333798.495118227,-0.002543059557551075,-0.013906736015738663,
2022-02-18,9157322.577073673,-0.018907191765159093,-0.04426978459886721,
2022-02-21,9198694.499663426,0.004517905997254212,0.007452918975981326,
2022-02-22,9312961.522968017,0.01242209134228478,0.027028104480593784,
2022-02-23,9312543.495155819,-4.488666802360264e-05,-0.004487870268782501,
2022-02-24,9350800.024591465,0.004108064510575993,-0.0010050219742547828,
2022-02-25,9405796.883542333,0.005881513753500656,0.008410764335337273,
2022-02-28,9498333.03740604,0.009838204567825803,0.013694965705022932,
2022-03-01,9469600.086642649,-0.0030250519380859986,-0.010414978035981792,1518.5692784537655
2022-03-02,9325667.208676646,-0.015199467416689316,-0.028092857386137537,
2022-03-03,9432705.853895057,0.011477853843939734,0.01290459193597715,
2022-03-04,9486322.989419872,0.005684173380926083,0.01684780436840083,
2022-03-07,9380115.90107033,-0.011195811956644874,-0.023915337102708767,
2022-03-08,9307210.539095525,-0.0077723306133654635,-0.01706371640115767,
2022-03-09,9373925.364872118,0.007168079576190367,0.021215219878817138,
2022-03-10,9353602.930325877,-0.002167974861672972,-0.004120805113233983,
2022-03-11,9354688.465332735,0.00011605527997549103,-0.007487863374265213,
2022-03-14,9272486.065780468,-0.008787294184824934,-0.028284503623695945,
2022-03-15,9183108.708520196,-0.009638985340739814,-0.030828498956220307,
2022-03-16,9235398.517012991,0.005694129314213647,0.01678965047812908,
2022-03-17,9133875.619341262,-0.010992800958692706,-0.018008281661461956,
2022-03-18,9162483.278959224,0.0031320395427090197,0.006264472549675659,
2022-03-21,9227696.693219213,0.0071174388290284885,0.011064837084352241,
2022-03-22,9238391.762597714,0.0011590183047911484,-0.002301742345332425,
2022-03-23,9351419.920674305,0.012234614095301133,0.02752936815913687,
2022-03-24,9446728.567503013,0.01019189039067725,0.02449101173189816,
2022-03-25,9591243.08573255,0.015297837467953768,0.03865403861154082,
2022-03-28,9528115.057868954,-0.006581840049232124,-0.021530295098880714,
2022-03-29,9341520.827111498,-0.01958354088129466,-0.046999700040954995,
2022-03-30,9287444.537681123,-0.005788810026888913,-0.014394578542648362,
2022-03-31,9353149.94809677,0.0070746490220283675,0.018565540189397822,
2022-04-01,9454763.605307424,0.01086411078348326,0.02412421415172683,1243.2326246572236
2022-04-04,9488748.93867021,0.003594519628572046,0.00649011682293521,
2022-04-05,9447735.29966831,-0.004322344206490136,-0.014531521370900968,
2022-04-06,9397640.042206857,-0.005302356159704424,-0.007343694165019676,
2022-04-07,9492651.973249085,0.010110190496285032,0.019460105161010377,
2022-04-08,9449736.49686129,-0.00452091538894861,-0.0058607242572003004,
2022-04-11,9449746.201181352,1.0269408110552547e-06,-0.010219221624612862,
2022-04-12,9478082.819127493,0.002998664444828991,0.018969537190965946,
2022-04-13,9561844.957347307,0.008837455825008833,0.029255032860342922,
2022-04-14,9527501.00779417,-0.0035917701768158894,-0.005052126127295886,
2022-04-15,9563863.525621254,0.0038165850412754665,0.011885084976583471,
2022-04-18,9515061.013397658,-0.005102803076691309,-0.012409035377682898,
2022-04-19,9472852.319187036,-0.0044359877620533394,-0.016661588740197297,
2022-04-20,9466683.50204982,-0.0006512101032886131,0.00017434471599231394,
2022-04-21,9640573.692704525,0.01836864944487182,0.04948340257078332,
2022-04-22,9732559.36433905,0.009541514288110786,0.02229777020322432,
2022-04-25,9740154.608693171,0.0007803953790357365,0.0003430079594120006,
2022-04-26,9816768.21225955,0.007865748198493616,0.018834276346011203,
2022-04-27,9832445.956072971,0.001597037179083216,0.002256796835592212,
2022-04-28,9736660.694179947,-0.009741753203724834,-0.022669310019914568,
2022-04-29,9885644.521526031,0.015301326812706906,0.03480507665001764,
2022-05-02,9862845.728504146,-0.002306252563729294,0.0010065014371087866,714.4873190203274
2022-05-03,9758587.328381903,-0.01057082337006754,-0.032838955695086325,
2022-05-04,9828723.966131715,0.0071871711949358374,0.010952572053268383,
2022-05-05,9736635.963241454,-0.009369273489374774,-0.015408808552138775,
2022-05-06,9689492.886996407,-0.004841823851998273,-0.020676881169152894,
2022-05-09,9685178.705047771,-0.0004452433165439418,-0.0006266118557864964,
2022-05-10,9738190.60245691,0.00547350740998831,0.012321334403534445,
2022-05-11,9763514.242107073,0.0026004460873638724,0.007451323087837469,
2022-05-12,9727165.09782619,-0.0037229570602888007,-0.012640527872665008,
2022-05-13,9716848.89449589,-0.0010605560023450034,-6.0917975839180905e-05,
2022-05-16,9794911.172501639,0.00803370298883288,0.013331231269932964,
2022-05-17,9835055.533291362,0.0040984915618658135,0.008789755047901027,
2022-05-18,9717314.482742611,-0.01197156946904887,-0.02866329518110189,
2022-05-19,9693138.607876558,-0.0024879173056494563,-0.004502254328731858,
2022-05-20,9711917.470520237,0.0019373356147429632,0.011355995574914513,
2022-05-23,9699233.387175476,-0.001306032859449524,0.00765143876107377,
2022-05-24,9712284.355040776,0.0013455669478534826,0.006481246817976238,
2022-05-25,9740324.917526735,0.002887123302913297,0.00783154482958115,
2022-05-26,9871737.818985164,0.013491634270019537,0.036001813453164555,
2022-05-27,9718593.375159295,-0.015513422928569276,-0.024619840200805432,
2022-05-30,9603765.153576706,-0.0118153128904529,-0.04174598772068583,
2022-05-31,9648548.026172746,0.004663053696118524,0.009628828016633895,
2022-06-01,9735106.861692447,0.008971177350716397,0.02303987961631626,980.2031319400126
2022-06-02,9865855.56333608,0.013430638564238873,0.030668451211756986,
2022-06-03,9775404.498223979,-0.00916809135623664,-0.014662316041770818,
2022-06-06,9746539.57928508,-0.002952810693833019,-0.013156315158535992,
2022-06-07,9701317.84097638,-0.0046397737310596154,-0.007825921148782888,
2022-06-08,9821565.538169324,0.012394985832238525,0.021941123574924504,
2022-06-09,9766144.877354924,-0.0056427522271292885,-0.0179756790073613,
2022-06-10,9727050.569347318,-0.004003044036163583,-0.018955631558506325,
2022-06-13,9774088.327737754,0.004835767847107153,0.022898261548033982,
2022-06-14,9704554.387311848,-0.007114110093375814,-0.022663617892976884,
2022-06-15,9695726.60972486,-0.0009096530592408447,-0.004099392197692953,
2022-06-16,9623305.021774609,-0.007469433789275004,-0.022385770010926564,
2022-06-17,9640023.066680944,0.001737245662327691,0.00019405964308050194,
2022-06-20,9704087.099385796,0.006645630644420253,0.010056058378567156,
2022-06-21,9666458.62844097,-0.003877589984451757,-0.013413659991739713,
2022-06-22,9653588.513023203,-0.0013314199038622077,-0.005573934346322362,
2022-06-23,9564433.590272471,-0.009235417754802522,-0.021437978094465238,
2022-06-24,9531845.868047971,-0.0034071774263395582,-0.0025275992309911066,
2022-06-27,9534507.32037669,0.00027921688679843903,0.0016443670819050737,
2022-06-28,9560502.331000421,0.0027264136205733536,0.006021961379353291,
2022-06-29,9633223.73391131,0.00760644162755808,0.023296773956978267,
2022-06-30,9727940.146915985,0.00983226546179461,0.020537699362654704,
2022-07-01,9735789.076929923,0.0008068439870516642,0.006491034151800967,1155.6141464118527
2022-07-04,9811045.725544007,0.007729897188550883,0.019521707806298805,
2022-07-05,9929205.975418728,0.012043593841080336,0.04257219889077568,
2022-07-06,9986780.120878663,0.005798464207759313,-0.0013430989846576757,
2022-07-07,9968979.84925422,-0.0017823834518223558,-0.010881311296308205,
2022-07-08,9919710.456941765,-0.004942270227995427,-0.009457554780460176,
2022-07-11,9923960.713867068,0.00042846582506128605,0.00032801209477817395,
2022-07-12,9832743.827903356,-0.009191580720009473,-0.012987089292704201,
2022-07-13,9797735.710315095,-0.0035603609939389713,-0.025501707461344503,
2022-07-14,9782285.474590218,-0.0015769190128910315,-0.005556456691890976,
2022-07-15,9782058.049533289,-2.3248662852859425e-05,0.00514868224814613,
2022-07-18,9848989.53886484,0.006842270715694987,0.03154322354238892,
2022-07-19,9886605.637944348,0.00381928510849483,0.015888251430453026,
2022-07-20,9822137.869431533,-0.006520718118399604,-0.015856435383562406,
2022-07-21,9811686.323602697,-0.0010640805461877845,-0.006478141950878036,
2022-07-22,9749158.14075217,-0.006372827339588993,-0.015482457516577841,
2022-07-25,9702367.284648111,-0.00479947657310742,-0.010022014066374374,
2022-07-26,9728836.03485549,0.0027280713490676067,0.0038578710386332205,
2022-07-27,9808958.309256844,0.008235545764601282,0.0069946152640743,
2022-07-28,9899372.285778033,0.00921749014223705,0.022620593366710517,
2022-07-29,9929747.425140083,0.0030683904479165136,0.004129907396348997,
2022-08-01,9953549.573963342,0.0023970548095713085,0.007550136382249439,895.8811721811383
2022-08-02,9968127.088968793,0.0014645544182130266,0.00029831861761131506,
2022-08-03,9727091.42132984,-0.024180637494649826,-0.05932068221531994,
2022-08-04,9824137.224634677,0.009976857325719513,0.012489381459756643,
2022-08-05,9751096.94027691,-0.0074347785141491984,-0.016409480778191377,
2022-08-08,9727587.487290578,-0.0024109546987709507,-0.00796778343805049,
2022-08-09,9650008.471038813,-0.007975154821596275,-0.012349463741514466,
2022-08-10,9708604.275932271,0.00607209880377968,0.012180926913978762,
2022-08-11,9687980.173091812,-0.0021243118222035173,-0.005836328761639642,
2022-08-12,9661020.709300198,-0.002782774459685,-0.00206555119265861,
2022-08-15,9631694.583806712,-0.0030355100538449475,0.003469478085983857,
2022-08-16,9701417.85607914,0.007238941358216566,0.010131152405932875,
2022-08-17,9603834.083321966,-0.010058712469129039,-0.019558280711838627,
2022-08-18,9678064.386136811,0.007729236279055751,0.013036441983677927,
2022-08-19,9595258.611151911,-0.008556026461604582,-0.017472192679318432,
2022-08-22,9492563.837743098,-0.0107026582159504,-0.013608673730374776,
2022-08-23,9530189.314227333,0.003963679057351621,0.005425287657749633,
2022-08-24,9553730.858167958,0.002470207376203959,0.0014507117031881123,
2022-08-25,9573764.443605494,0.002096938435355744,0.005623761983138076,
2022-08-26,9472690.19573891,-0.010557419546090241,-0.01636616362263943,
2022-08-29,9464473.90940749,-0.0008673656756044146,-0.0021415917592009226,
2022-08-30,9489707.803093437,0.002666169712916,0.016443042092084914,
2022-08-31,9544204.660974689,0.005742732970501763,0.00863140306342336,
2022-09-01,9430517.920117078,-0.011911599226540504,-0.017397363445615488,1249.8775547356263
2022-09-02,9452499.565497193,0.002330905424952734,0.011455347557473461,
2022-09-05,9259128.548485123,-0.02045713048407849,-0.05222231124109589,
2022-09-06,9113790.166467909,-0.015696766845405996,-0.0365041319315208,
2022-09-07,9122887.488317996,0.0009981930331859346,0.0025797736331154564,
2022-09-08,9077950.18239852,-0.004925776622480393,-0.007866645135507944,
2022-09-09,9224775.22125443,0.01617380971539073,0.04282785529863431,
2022-09-12,9282543.555777978,0.0062623026727464115,0.016158941520617365,
2022-09-13,9377464.076613903,0.01022570163722425,0.019313704291177514,
2022-09-14,9306281.097094366,-0.007590856007335445,-0.014650847402370215,
2022-09-15,9359170.874007124,0.005683234404908699,0.015709714587081036,
2022-09-16,9450588.093093943,0.009767662148439715,0.029246551439419788,
2022-09-19,9426960.148904856,-0.0025001559645111415,-0.009378985134619544,
2022-09-20,9309668.15401492,-0.012442186350343443,-0.02549345826883842,
2022-09-21,9287567.85217866,-0.002373908658251156,0.0009723736204059197,
2022-09-22,9260172.616040356,-0.002949667402093459,-0.01331180248224939,
2022-09-23,9273984.817880344,0.001491570666410924,0.0012237081033874553,
2022-09-26,9234179.264266301,-0.004292173687549861,-0.017354184399562822,
2022-09-27,9197606.952098638,-0.003960537381940132,-0.0028074537705565783,
2022-09-28,9171850.420129867,-0.002800351450427452,-0.01603268734226526,
2022-09-29,9188984.883010432,0.0018681576885466455,-0.0007269576463009297,
2022-09-30,9145910.93043816,-0.004687563764732117,-0.012348002315419437,
2022-10-03,9295969.256621918,0.016407149306949087,0.029626893366094365,1600.2658519429915
2022-10-04,9255382.773687102,-0.004366030245410268,-0.010024127297027174,
2022-10-05,9175622.85520247,-0.008617679077670082,-0.024732788668212602,
2022-10-06,9288268.941941239,0.012276669226318537,0.033785228006362855,
2022-10-07,9282425.46661624,-0.0006291242600237057,-0.005542216249831533,
2022-10-10,9358453.31894565,0.008190515787370511,0.02343652546005237,
2022-10-11,9440153.299995901,0.008730073043678566,0.018234601443855247,
2022-10-12,9465166.073123686,0.00264961514213935,0.0048307699990257635,
2022-10-13,9423058.425894065,-0.004448696082489878,-0.006634283645065242,
2022-10-14,9403050.5594646,-0.002123287952294217,-0.010677157069590382,
2022-10-17,9407239.945155442,0.00044553474049169317,-0.0019690007193288173,
2022-10-18,9424724.950789165,0.0018586754176210807,0.0032146670561408186,
2022-10-19,9392548.77661765,-0.003414017315043316,-0.010600116705369977,
2022-10-20,9391201.903764414,-0.0001433980153064951,-0.0006880406153088048,
2022-10-21,9411320.258156613,0.002142255549221428,0.006075911595425643,
2022-10-24,9384973.591975918,-0.002799465479655816,-0.005678229570329596,
2022-10-25,9426287.90054425,0.00440217632617057,0.006955579580897542,
2022-10-26,9403325.076656673,-0.0024360410089162565,-0.006538619026120629,
2022-10-27,9400138.495156005,-0.00033887816008604243,-0.0020613676344154452,
2022-10-28,9447377.810794022,0.0050253850687795865,0.0115045937742837,
2022-10-31,9439140.669307742,-0.0008718971180413648,-0.0031310961611394905,
2022-11-01,9462893.609057711,0.00251643031734905,0.005357171460193433,897.6594380217389
2022-11-02,9455239.49847348,-0.0008088551874771976,-0.0049408092161683514,
2022-11-03,9448224.988775866,-0.0007418648357607749,0.0017100866551398308,
2022-11-04,9471725.957006484,0.0024873421471796053,0.0026580478524627082,
2022-11-07,9491300.917996205,0.002066673072951497,0.0034892354220366073,
2022-11-08,9496879.147254042,0.0005877201983197633,-0.0007429029951711019,
2022-11-09,9510525.811314344,0.0014369630116066734,0.002177106001054696,
2022-11-10,9495075.340125147,-0.0016245654021375122,-0.004680180125961275,
2022-11-11,9444671.007069571,-0.005308471102127399,-0.012523263078841662,
2022-11-14,9413057.649498943,-0.003347216387629026,-0.00877412759014462,
2022-11-15,9431485.168133039,0.0019576549215203354,0.008525092991396477,
2022-11-16,9422664.093504533,-0.0009352794889939675,-0.0019158830121795978,
2022-11-17,9403911.340463933,-0.0019901752683222362,-0.00285638984549208,
2022-11-18,9421843.464317016,0.001906879297758124,0.002502492181542637,
2022-11-21,9400477.77440776,-0.0022676761708231297,-0.006686642386851793,
2022-11-22,9397181.5102407,-0.00035064857831301754,-0.000773617586166786,
2022-11-23,9387762.868373793,-0.0010022837014102004,-0.0012534292756523069,
2022-11-24,9410333.785717601,0.0024042913802015953,0.005791095412388092,
2022-11-25,9390040.605723465,-0.0021564782351223277,-0.0065950857877701274,
2022-11-28,9406938.645643504,0.0017995704842574956,0.002714369485331103,
2022-11-29,9443086.028364252,0.003842629795134167,0.011643749308052342,
2022-11-30,9465284.426413868,0.002350756731744008,0.005034523963034276,
2022-12-01,9455804.359035973,-0.00100156180742339,0.001332693357395165,1367.3644302862506
2022-12-02,9454900.491185067,-9.558867935344217e-05,0.0006971025036777156,
2022-12-05,9449371.514204234,-0.0005847736828100691,-0.0037979714987249613,
2022-12-06,9458122.314208211,0.0009260721721886522,-0.0008533835356536734,
2022-12-07,9471486.650343103,0.0014130009838015933,0.00026678193782103676,
2022-12-08,9487354.824883215,0.0016753626041945413,0.002965462179029821,
2022-12-09,9464257.075427068,-0.002434582650536754,-0.001212109992351329,
2022-12-12,9441134.441076308,-0.0024431536639886176,-0.002140471017236467,
2022-12-13,9458234.956795072,0.0018112776409964226,0.004388724953631407,
2022-12-14,9408511.11019602,-0.005257201457374294,-0.013730191233986666,
2022-12-15,9417637.839588098,0.0009700503390155379,0.004421439402318761,
2022-12-16,9388149.412636,-0.0031311914361518145,-0.005547476334597179,
2022-12-19,9441513.90220743,0.005684239483833009,0.013758445760930771,
2022-12-20,9423923.408520684,-0.0018631009675931232,5.825749319776641e-05,
2022-12-21,9402897.661527114,-0.002231103340097129,-0.00911582716615289,
2022-12-22,9392205.317443166,-0.0011371328784846035,-0.00299586098141591,
2022-12-23,9361691.257134445,-0.0032488706621489616,-0.009551212157018818,
2022-12-26,9390109.181707045,0.003035554558685538,0.008730595468528612,
2022-12-27,9357516.054217346,-0.003471006232088736,-0.007179187257563502,
2022-12-28,9327631.809483137,-0.0031936087056714246,-0.007322447088280337,
2022-12-29,9309725.168965934,-0.0019197413537482833,-0.0037261375008902364,
2022-12-30,9307961.031198075,-0.00018949407590884704,-0.0030105292061929356,
2023-01-02,9322875.84266219,0.001602371498346855,0.0027925606529741742,452.89895538578935
2023-01-03,9342130.389802907,0.002065301250994578,0.0008923032909515793,
2023-01-04,9295794.050280336,-0.004959932862117489,-0.011757645757329516,
2023-01-05,9258676.90083997,-0.003992897136016804,-0.009708718054005527,
2023-01-06,9239768.09264021,-0.002042279734164154,-0.005992847775292631,
2023-01-09,9242999.19717796,0.000349695415009732,0.0017221323307974323,
2023-01-10,9277432.046770968,0.003725289687736888,0.00643854777276931,
2023-01-11,9275370.86412099,-0.00022217167849747366,0.001857773202775137,
2023-01-12,9230353.976072816,-0.0048533787713339605,-0.016075025482490957,
2023-01-13,9214040.489949882,-0.0017673738369321512,-0.00011730643865570656,
2023-01-16,9187640.857403431,-0.0028651526521124016,-0.010381900320784676,
2023-01-17,9191733.100230116,0.00044540735649101215,0.00045229675378988254,
2023-01-18,9207796.855180135,0.001747630699766134,0.007053105906853041,
2023-01-19,9227927.549576178,0.0021862661299612007,0.0031496863835638322,
2023-01-20,9242312.910483036,0.00155889400188447,0.0017504027498485009,
2023-01-23,9164218.928121485,-0.008449614627630053,-0.01585821080987615,
2023-01-24,9119720.791503474,-0.0048556387584175464,-0.012506673726634165,
2023-01-25,9169716.726560548,0.005482178259629711,0.012561800947204826,
2023-01-26,9211597.800485088,0.004567324724789934,0.009677414886426927,
2023-01-27,9179014.18779679,-0.0035372378814217953,-0.013197843628624417,
2023-01-30,9155228.729518168,-0.00259128679746945,-0.006192450624441848,
2023-01-31,9158478.188980626,0.00035492935878056464,0.0026813214024170584,
2023-02-01,9162491.406240515,0.00043819695555069593,-0.0019577757089664916,1216.460138143662
2023-02-02,9125676.866438447,-0.004017961727854402,-0.010753003150785978,
2023-02-03,9138155.756677216,0.0013674481818068962,0.004242788281706877,
2023-02-06,9157358.18733816,0.002101346395514625,0.0021349135642527717,
2023-02-07,9136079.466730528,-0.002323674598319725,-0.008866959639956207,
2023-02-08,9139403.632661201,0.00036385037397912434,-0.001959180027826357,
2023-02-09,9127366.484173106,-0.001317060606129461,-0.0033167557979314477,
2023-02-10,9142486.487772841,0.0016565570831359455,0.00370320476391095,
2023-02-13,9140673.218069047,-0.00019833441440897381,-0.003348998147627902,
2023-02-14,9146333.620241664,0.0006192544069323347,0.0017828119769405237,
2023-02-15,9093775.722185075,-0.005746335115119128,-0.010752437603806286,
2023-02-16,9082497.36228884,-0.0012402285080245212,-0.002465916124383183,
2023-02-17,9128869.421619125,0.005105650734656297,0.009177168527214397,
2023-02-20,9119024.353450006,-0.0010784542657389373,-0.0020052732605320145,
2023-02-21,9132887.224923339,0.0015202143273240765,-0.005835809204870812,
2023-02-22,9143394.46445692,0.0011504838803775286,0.0025088378441802117,
2023-02-23,9155076.87383777,0.0012776884368561614,0.000879758278925058,
2023-02-24,9169303.299224678,0.001553938386641196,0.0054481356828133265,
2023-02-27,9207222.060535239,0.004135402666172849,0.00659638704625487,
2023-02-28,9251476.777976803,0.004806522222511989,0.010697489016360251,
2023-03-01,9266056.841670493,0.0015759714955343451,0.0030289318313545532,1555.8972858674554
2023-03-02,9216906.22130046,-0.005304372853509376,-0.006530240116311203,
2023-03-03,9159849.469099421,-0.006190445126715072,-0.014738196839837792,
2023-03-06,9153397.990344785,-0.0007043214821815802,-0.002305556106466655,
2023-03-07,9109228.753816826,-0.004825446962379409,-0.008874618209774754,
2023-03-08,9099582.66204714,-0.001058936165769686,-0.00013329214120283428,
2023-03-09,9082175.401856381,-0.0019129734667241438,-0.004793350368091032,
2023-03-10,9132544.974139556,0.005545981007246237,0.012782966045857158,
2023-03-13,9128982.483913533,-0.00039008734543444223,0.0028355182969086457,
2023-03-14,9135728.406858187,0.0007389567190583257,-0.0009258808986171152,
2023-03-15,9089148.663379341,-0.005098634876653962,-0.014814116903909436,
2023-03-16,9093827.625893952,0.0005147855633016452,0.0029771421365301087,
2023-03-17,9088841.891881475,-0.0005482547303052865,-0.001013288497179965,
2023-03-20,9122388.25162121,0.003690938860945403,0.007061505368231469,
2023-03-21,9058628.854172418,-0.006989331706799495,-0.010861381666500636,
2023-03-22,9058695.960586522,7.4080101066797965e-06,-0.0008088705579452071,
2023-03-23,9063288.362880766,0.0005069606391721049,-0.00048673244581554087,
2023-03-24,9068420.116431123,0.0005662132048422919,0.002483516754392401,
2023-03-27,9091444.918999627,0.0025390092511026197,0.005040053336987649,
2023-03-28,9075867.444058822,-0.0017134212525723447,-0.0005504959729043524,
2023-03-29,9120888.657061068,0.004960541047976275,0.009173693053126764,
2023-03-30,9127711.89894373,0.0007480895929343756,0.002209200015191426,
2023-03-31,9139714.147494767,0.0013149241216110497,-0.00042525301737394994,
2023-04-03,9164960.278916871,0.0027622451878348553,0.0036909866500749455,1622.834016623129
2023-04-04,9180193.207051657,0.0016620833774727561,0.002545885235974543,
2023-04-05,9207737.687951218,0.0030004249669171035,0.007092497924032326,
2023-04-06,9230351.966402002,0.0024560081115663213,0.005770857950045283,
2023-04-07,9215681.25431563,-0.0015893989893096538,-0.0044361550288170015,
2023-04-10,9181168.259883784,-0.0037450290954543775,-0.005560832499532098,
2023-04-11,9146362.046055544,-0.003791044107134156,-0.011157480370584727,
2023-04-12,9152459.51118169,0.0006666546869062984,-0.0024937992713417456,
2023-04-13,9157114.884748328,0.0005086472724573632,0.0004940140307947427,
2023-04-14,9170526.973054383,0.0014646631034840318,0.005418484696821935,
2023-04-17,9182990.533394478,0.0013590887826531173,0.006522261988412881,
2023-04-18,9120902.905986588,-0.0067611555497203435,-0.017421811525058062,
2023-04-19,9073208.056374177,-0.005229180718622328,-0.005719579374082739,
2023-04-20,9064567.114374619,-0.0009523579692948259,-0.001958592250132507,
2023-04-21,9053467.186168207,-0.0012245403521597975,-0.0059004654823242575,
2023-04-24,9050534.657937221,-0.0003239121731689609,0.00010921541532016299,
2023-04-25,9088538.99879883,0.004199126603894099,0.00702992776430067,
2023-04-26,9100719.036390752,0.0013401535267143494,0.0004930328267607198,
2023-04-27,9129985.344250826,0.0032158236885513336,0.0034407737169488417,
2023-04-28,9135810.25013952,0.0006379972879542173,0.0012816102751518343,
2023-05-01,9069459.483783728,-0.00726271283434099,-0.014478232585645623,1293.2339419403108
2023-05-02,9084991.484986307,0.0017125608455885732,0.001961331871105587,
2023-05-03,9135937.21497392,0.00560768054343308,0.009201543773892373,
2023-05-04,9101573.623149596,-0.003761364709030657,-0.002676731500516949,
2023-05-05,9068324.296493243,-0.003653140438460434,-0.010666722842664456,
2023-05-08,9066735.411648575,-0.00017521261841979552,-0.00030738429379684185,
2023-05-09,9046857.282402756,-0.002192424102315904,-0.003381748291609421,
2023-05-10,9040500.390178788,-0.0007026630381725685,-0.0030972352058824537,
2023-05-11,9077307.791904215,0.004071389871893816,0.006249224742860937,
2023-05-12,9097853.022363188,0.002263361662947716,0.0005545593857916309,
2023-05-15,9033822.265412893,-0.00703800740602234,-0.015337184499325529,
2023-05-16,9039430.416035216,0.0006207948814529463,0.0017117836972952993,
2023-05-17,9064454.478342004,0.0027683229091954864,0.0067992083034182915,
2023-05-18,9050339.661254967,-0.0015571612302497373,-0.0024386462280476806,
2023-05-19,9064243.574235529,0.0015362863164225526,0.005910971452085967,
2023-05-22,9047273.029145854,-0.0018722516612321716,-0.0039021968635017945,
2023-05-23,9055707.638590734,0.0009322819613941657,-0.0033863064659636066,
2023-05-24,9050677.168924741,-0.0005555026582965139,-0.0008943738490960751,
2023-05-25,9051028.602242962,3.882950542388741e-05,-0.0005547563342681583,
2023-05-26,9097454.372376993,0.005129336363220327,0.010501896651213816,
2023-05-29,9071749.259176712,-0.0028255281255743503,-0.004848328240473876,
2023-05-30,9120756.632950988,0.00540219668491182,0.0073075643488693665,
2023-05-31,9139897.597757597,0.0020986158908633534,0.004177474531444014,
2023-06-01,9159213.641351577,0.002113376368540365,0.002154592930234678,1647.9399274605805
2023-06-02,9172773.781769278,0.001480491770219139,-6.112696656845884e-05,
2023-06-05,9212300.018404547,0.004309082244438045,0.006277635836356765,
2023-06-06,9208853.145476498,-0.0003741598646551658,0.0010784761040356639,
2023-06-07,9210411.195381079,0.00016919043880569973,0.0017495857372733514,
2023-06-08,9141662.486979533,-0.0074642387775284424,-0.009104597022821737,
2023-06-09,9109549.343577575,-0.0035128340657617496,-0.007624658037344578,
2023-06-12,9091071.618256103,-0.0020283907166602777,-0.006527965391087576,
2023-06-13,9065069.8952877,-0.0028601383929467428,-0.0033654483352159037,
2023-06-14,9105898.702923365,0.004503970527230949,0.006040540140560546,
2023-06-15,9185241.381682845,0.008713327629485734,0.014020514354419644,
2023-06-16,9187546.801477779,0.00025099174851650474,-0.0010901480632543592,
2023-06-19,9193167.223611414,0.0006117435105452707,-0.00025642481142085227,
2023-06-20,9233449.977230867,0.004381814519373917,0.006108408206651372,
2023-06-21,9234236.011235487,8.512896117451874e-05,0.0013306937323318557,
2023-06-22,9226258.742882404,-0.0008638796261408732,-0.003416555732539739,
2023-06-23,9279834.48318336,0.0058068759823461935,0.006378957026652143,
2023-06-26,9241941.05994003,-0.004083415853159744,-0.004395752621610183,
2023-06-27,9225008.1663502,-0.001832179352801444,-0.0018978640138864744,
2023-06-28,9250447.704529606,0.0027576710741785693,-0.00025892158803408893,
2023-06-29,9264057.518661799,0.001471260047827716,0.0019239052449313565,
2023-06-30,9306094.153233066,0.004537605092216568,0.005238929236301759,
2023-07-03,9339060.877346039,0.003542487704309316,0.008343223505743014,1785.5055326825664
2023-07-04,9345844.13965781,0.000726332379760608,0.0006013174810926003,
2023-07-05,9445028.04598201,0.01061262148630604,0.015245555451340653,
2023-07-06,9529620.192905493,0.008956262121367464,0.015490068510150667,
2023-07-07,9497854.282414386,-0.0033333868347403817,-0.00800442176728211,
2023-07-10,9421897.944728361,-0.007997210256916687,-0.011755151541208986,
2023-07-11,9421954.01224295,5.950766492901494e-06,-0.0006543489687617088,
2023-07-12,9424836.585573792,0.00030594219915491827,0.001222581104485032,
2023-07-13,9386762.196509143,-0.004039793021231586,-0.006792281014310286,
2023-07-14,9421880.77421768,0.003741287674422722,0.001970813014466888,
2023-07-17,9393313.785124319,-0.003031983717256659,-0.0014350357167256522,
2023-07-18,9430471.661509354,0.0039557793165474475,0.001708101864958289,
2023-07-19,9391827.604456905,-0.004097786244369406,-0.005606863585718824,
2023-07-20,9435054.387324173,0.004602595435925005,0.009414507538839434,
2023-07-21,9489649.880166352,0.005786452372285922,0.006119292211658189,
2023-07-24,9487066.242437255,-0.0002722584881131862,0.0038461954199235926,
2023-07-25,9476595.086167578,-0.0011037296464567747,0.0022678507021414163,
2023-07-26,9457340.543657266,-0.0020317996427237084,-0.009406688920678863,
2023-07-27,9415633.637411097,-0.004410003642529303,-0.001827885611542679,
2023-07-28,9455663.675941259,0.004251443935871846,0.0042299533281642265,
2023-07-31,9398764.531968394,-0.006017466983056607,-0.009258916650688231,
2023-08-01,9374689.828594767,-0.002561475318563544,-0.002922672413737004,1529.2187230673762
2023-08-02,9364093.29199797,-0.001130334634056429,-0.004841730776066533,
2023-08-03,9306696.742088571,-0.006129429526128938,-0.011624284683538044,
2023-08-04,9310788.053606078,0.0004396094157665953,0.0017744629218912067,
2023-08-07,9320546.122502496,0.0010480389887770336,-0.00040463197965723285,
2023-08-08,9329917.658307333,0.0010054706753943599,4.600498420037624e-05,
2023-08-09,9255178.401393339,-0.008010709167132424,-0.010293405722197502,
2023-08-10,9204954.93108808,-0.005426526440343693,-0.006608433486353316,
2023-08-11,9225729.240695389,0.002256861631896312,0.0034544113717847047,
2023-08-14,9187164.282881835,-0.004180152788729186,-0.005938803408630178,
2023-08-15,9061177.711545238,-0.01371332518471935,-0.018922185062930086,
2023-08-16,8995918.163303882,-0.007202104441479618,-0.010657387944318919,
2023-08-17,9024342.24826638,0.0031596646886413726,0.0035557863639930076,
2023-08-18,8972912.456789512,-0.005699007203184059,-0.0071414933630863375,
2023-08-21,9030985.514870925,0.006472041085998859,0.007965951469578014,
2023-08-22,9005934.732677592,-0.002773870266105871,-0.0027669126730563987,
2023-08-23,9005557.765496453,-4.185764080333332e-05,0.0016665328713167948,
2023-08-24,9062437.033791233,0.0063160183717554386,0.012538063342348194,
2023-08-25,9085067.165928567,0.0024971353790324002,0.005722924702133536,
2023-08-28,9154847.357414203,0.007680756807977307,0.012684424100702474,
2023-08-29,9191526.179252552,0.004006491906022314,0.0018424784334378774,
2023-08-30,9239933.369947886,0.005266501966191495,0.008177072736637259,
2023-08-31,9204799.461593127,-0.0038023984533296362,-0.009291639782549765,
2023-09-01,9221020.312355202,0.0017622166381523474,0.001630305473011795,1756.2052484871103
2023-09-04,9283677.521135002,0.006795040750083414,0.010376918319032313,
2023-09-05,9318082.50137415,0.003705964598707867,0.010282569335681169,
2023-09-06,9290961.398763627,-0.0029105883755078388,-0.009708893449582146,
2023-09-07,9334716.899483765,0.004709469649283093,0.0073208099748660604,
2023-09-08,9352006.86566822,0.0018522218049710215,0.0012248076754259873,
2023-09-11,9357482.50073864,0.0005855037479196579,0.002111123663400827,
2023-09-12,9351597.53586861,-0.0006289047155113581,-0.013492310710072841,
2023-09-13,9295062.99157383,-0.006045442404673529,-0.010722514670221006,
2023-09-14,9301094.13581207,0.0006488545848164495,-0.0016831723769654694,
2023-09-15,9307794.125491887,0.0007203442500405277,0.00216035366170253,
2023-09-18,9265224.240682984,-0.0045735739569394696,-0.006565637657705348,
2023-09-19,9265737.595479976,5.540662413094921e-05,-0.0005059825675788332,
2023-09-20,9374442.527379544,0.011731924283350903,0.016071928477408903,
2023-09-21,9411270.857504439,0.003928588821930701,0.008986095336305677,
2023-09-22,9423624.809764344,0.00131267630556553,-0.0010929655637370583,
2023-09-25,9415990.086192029,-0.0008101684570893664,-0.003630956813986619,
2023-09-26,9352849.804748623,-0.006705644426707402,-0.010493739187293238,
2023-09-27,9337665.75485667,-0.00162346773538935,-0.003256244588467627,
2023-09-28,9396792.93891924,0.006332116142818478,0.010057166321624678,
2023-09-29,9376055.109200912,-0.002206905042297813,-0.004151531019394694,
2023-10-02,9400188.224066058,0.002573909238381633,0.0007221819264005003,1528.442056077244
2023-10-03,9377194.514190277,-0.002446090368372955,-0.00335161156691155,
2023-10-04,9399398.68481477,0.0023678905871997724,0.004073302264015144,
2023-10-05,9411949.849255031,0.001335315679346305,0.0032641038122165345,
2023-10-06,9449414.994548416,0.003980593383245745,0.007173137350130476,
2023-10-09,9484071.945835477,0.003667629298433228,0.0035277127074504477,
2023-10-10,9812375.469180802,0.03461630460210552,0.05383328973225576,
2023-10-11,9787507.029527439,-0.0025343954408869607,-0.007109719019880001,
2023-10-12,9865349.975504225,0.007953296558760758,0.019089485525865424,
2023-10-13,9743023.49535932,-0.012399608777047266,-0.01569428955735941,
2023-10-16,9774542.341208227,0.0032350169189183653,0.00012489215133282272,
2023-10-17,9682678.510131706,-0.009398274401987594,-0.0009464896428595937,
2023-10-18,9651955.296225188,-0.0031730077451573857,0.002506378445424895,
2023-10-19,9617799.534226863,-0.0035387401775144323,0.007940531408477502,
2023-10-20,9432671.710785586,-0.019248459357305348,-0.01801025179003335,
2023-10-23,9523426.483241448,0.009621322064255589,0.016537101469184634,
2023-10-24,9745577.89754199,0.023326836689658625,0.04204039318004127,
2023-10-25,9707530.801000498,-0.0039040369839010713,-0.0028296894184393073,
2023-10-26,9702702.816239445,-0.0004973442639559789,0.009992512181820956,
2023-10-27,9691688.267785413,-0.00113520414493129,0.0005021982815269777,
2023-10-30,9736478.538544407,0.0046215137674077145,0.0071711176947155675,
2023-10-31,9754402.20012735,0.0018408772239355553,0.0011745194050805097,
2023-11-01,9870050.121908188,0.011855972248030477,0.013692619805653061,2415.411257273456
2023-11-02,10140733.432237806,0.02742471486834619,0.05281792072776326,
2023-11-03,10288733.583478166,0.014594620027172933,0.030795056536721654,
2023-11-06,10316705.575318806,0.0027187011514768766,-0.001837788128433826,
2023-11-07,10327979.492720498,0.0010927827027131798,-0.004271989401284704,
2023-11-08,10304396.115824632,-0.002283445364360759,-0.004133392119726742,
2023-11-09,10301108.601429645,-0.0003190399862383897,-0.00649173782182666,
2023-11-10,10195184.51516536,-0.010282785121747295,-0.01613612066864334,
2023-11-13,10265225.63328942,0.006870019666625149,0.011895691165286104,
2023-11-14,10122171.441996925,-0.013935805836413295,-0.013782239087273718,
2023-11-15,10058802.031814639,-0.0062604561230178435,-0.013573814654616045,
2023-11-16,10066915.291153893,0.0008065830616401648,0.002419046433938643,
2023-11-17,10261611.45979666,0.019340201343886587,0.03484392392383695,
2023-11-20,10208852.06637115,-0.005141433548932595,-0.011327730343810183,
2023-11-21,10241712.037647672,0.003218772400940706,0.005021935916996512,
2023-11-22,10280958.195773983,0.0038319919542793013,0.0013992607295918447,
2023-11-23,10198447.671075188,-0.008025567571387615,-0.005619454458521411,
2023-11-24,10046519.995710135,-0.014897137315902476,-0.017035892923271567,
2023-11-27,9955520.92920282,-0.009057769909000535,-0.0032206897573737736,
2023-11-28,9892337.211051153,-0.006346600906269817,-0.004154103600196302,
2023-11-29,9789376.05178678,-0.010408173222133055,-0.02469798047700178,
2023-11-30,9735279.96458133,-0.005525999503878221,-0.00033687427993422947,
2023-12-01,9763242.91297452,0.002872331201046574,0.008787998941132358,1847.0672726660628
2023-12-04,9837739.865497628,0.007630349176717566,0.017572240049638754,
2023-12-05,9699196.413250191,-0.014082853799918915,-0.02872822839644773,
2023-12-06,9601792.777116831,-0.010042443928684142,-0.017965877215126103,
2023-12-07,9496518.711083634,-0.010964001044064253,-0.008304271083498294,
2023-12-08,9715196.827466723,0.02302718743952603,0.020194021545812513,
2023-12-11,9625946.896447344,-0.009186631275143298,-0.0199597388995858,
2023-12-12,9557953.21097933,-0.007063584102371179,-0.0067029174506361144,
2023-12-13,9530858.94397511,-0.00283473526247191,-0.002918868857353374,
2023-12-14,9474211.984049791,-0.00594353145485671,-0.013059680446808275,
2023-12-15,9379564.725201283,-0.009989987453083327,-0.016399495390477692,
2023-12-18,9454622.511227911,0.008002267506610483,0.017428472046130183,
2023-12-19,9511275.182855545,0.005992060662427745,0.017708144271723958,
2023-12-20,9537033.663760705,0.002708204779059642,0.017451893509585537,
2023-12-21,9617917.421661718,0.008481018391322204,0.009895213181198459,
2023-12-22,9591731.743063677,-0.0027225934108213723,0.0003433948321085456,
2023-12-25,9679428.514537543,0.009142954976538498,0.012554173532882462,
2023-12-26,9617936.434222843,-0.006352862694563477,-0.01831130014940774,
2023-12-27,9811934.410786051,0.020170436547378046,0.022191697882050887,
2023-12-28,9710875.711167572,-0.010299569421029497,-0.0067324161574859875,
2023-12-29,9752640.917651268,0.004300869223943016,0.011774018411847553,
2024-01-01,9556751.982924672,-0.020085732303755544,-0.032353357656628834,1665.2226993144382
2024-01-02,9577545.968169477,0.0021758423031128515,0.004188548164798522,
2024-01-03,9672458.2218825,0.009909871905440015,0.02275884630691216,
2024-01-04,9847034.673867809,0.018048819439752783,0.03847376701465288,
2024-01-05,9923684.010358455,0.007784001887802816,0.02275249238911292,
2024-01-08,9842853.988314193,-0.00814516282057054,-0.00894882614908099,
2024-01-09,9832453.228214843,-0.0010566813356875926,-0.00167789437492194,
2024-01-10,9898706.702915143,0.006738244582764175,0.006343117506245832,
2024-01-11,9934998.282161344,0.0036662950358468116,-0.0003376786081592531,
2024-01-12,9809776.782198485,-0.012604078672836638,-0.017258015053554954,
2024-01-15,9574702.358393058,-0.023963279595924036,-0.0442888345435376,
2024-01-16,9739031.23300281,0.017162818065639796,0.01770634725448894,
2024-01-17,9583737.501364596,-0.01594550093565439,-0.02480897993171871,
2024-01-18,9734079.258468194,0.01568717393211072,0.01850408976235207,
2024-01-19,9755719.794836827,0.0022231724022390154,0.002304827454055358,
2024-01-22,10122520.645738494,0.03759854307170607,0.052925561524878706,
2024-01-23,10163162.88014056,0.004015031020872861,-6.643479270784791e-05,
2024-01-24,10180181.175456382,0.0016745077803561603,-0.0002466881546036026,
2024-01-25,10210222.789490243,0.0029509901165893915,0.009473972774464157,
2024-01-26,10301292.714802504,0.008919484637103237,0.0106698657324793,
2024-01-29,10516475.004085975,0.02088886271276058,0.03407448919230749,
2024-01-30,10427634.485078068,-0.00844774688984562,-0.019069430179928015,
2024-01-31,10402350.329578152,-0.0024247259084596573,-0.0025412085570728493,
2024-02-01,10459201.365049886,0.005465210617842997,0.01316452545573088,1690.545928453166
2024-02-02,10556972.600743601,0.009347868186229347,0.015640837209190073,
2024-02-05,10347906.237032173,-0.01980362852288753,-0.029761953890396153,
2024-02-06,10206226.84985629,-0.013691599433792168,-0.02662261317306358,
2024-02-07,10184702.441305501,-0.0021089486709862104,0.0009303321436686662,
2024-02-08,10147169.988457419,-0.0036851791266737655,-0.006260677428851058,
2024-02-09,10264928.501330012,0.011605059637962656,0.01238640451680495,
2024-02-12,10280834.495421935,0.0015495474800297782,0.007378375060346221,
2024-02-13,10342868.471384617,0.0060339436443905825,0.013222609638692484,
2024-02-14,10436869.712017776,0.009088507786136013,0.010233397964164892,
2024-02-15,10203437.96857023,-0.022366068552025276,-0.039951628669455674,
2024-02-16,10205686.196313104,0.00022034021765970913,-0.007312271957246819,
2024-02-19,10301713.574634803,0.009409203504257224,0.021337720401253923,
2024-02-20,10178620.182414964,-0.01194882689448129,-0.012654251686923246,
2024-02-21,10102427.305083824,-0.00748558016368206,-0.009765405753033973,
2024-02-22,10234121.195662715,0.01303586619352548,0.013423857925135563,
2024-02-23,10239007.556568034,0.0004774577916264455,-0.01052810987678865,
2024-02-26,10374229.749587143,0.01320657224560473,0.020034272009528786,
2024-02-27,10173874.547532275,-0.01931277857643754,-0.02526498175049141,
2024-02-28,10234223.731817836,0.005931779874384091,0.006218570110068766,
2024-02-29,10307768.386786966,0.007186148837110329,0.01119844806017789,
2024-03-01,10097323.948467832,-0.02041610079140821,-0.04627501917797239,2233.2836214210856
2024-03-04,10255759.888032734,0.015690884077156353,0.03056676779604839,
2024-03-05,10316345.815324351,0.005907502511082852,0.012493059240408666,
2024-03-06,10371064.04844908,0.005304032465007991,0.0035669036631362783,
2024-03-07,10008866.04779594,-0.03492389970412968,-0.058661153109151876,
2024-03-08,10058858.375734704,0.004994804376442952,0.007598287572938123,
2024-03-11,10073562.111263072,0.0014617698131469403,-0.0026667287788750826,
2024-03-12,9967573.832057728,-0.010521430059664882,-0.019144536888212826,
2024-03-13,9777185.869983988,-0.01910073256356659,-0.02897553878770376,
2024-03-14,9864206.563759843,0.008900382475391933,0.022515950825325204,
2024-03-15,9966028.509255024,0.010322365497622998,0.017339161870682185,
2024-03-18,10082333.628282446,0.011670157166359107,0.014522310458894294,
2024-03-19,10125134.806896582,0.004245165870535361,-0.003865110565196228,
2024-03-20,10101917.480829135,-0.0022930387111126382,-0.008770498301466922,
2024-03-21,10273889.948697751,0.017023745065724016,0.023883968888549933,
2024-03-22,10156407.573855516,-0.011435043146157842,-0.01921090494652955,
2024-03-25,10264512.82195383,0.010644043901565814,0.01886379771151847,
2024-03-26,10310564.696558392,0.004486513427706562,0.00949792729162402,
2024-03-27,10306418.038133925,-0.0004021756854744041,-0.0018399002938146447,
2024-03-28,10142197.142240012,-0.015933847752564678,-0.017089880531659163,
2024-03-29,10214112.618483145,0.00709071961770702,0.014440131884298824,
2024-04-01,10207443.765393583,-0.0006529057724988796,-0.002403175321601503,1544.9235050355046
2024-04-02,10193813.713300196,-0.0013353051367862578,-0.011950628054213541,
2024-04-03,10091356.364662655,-0.01005093398007284,-0.02064350180232688,
2024-04-04,10000276.20068212,-0.00902556214340755,-0.029416386083312873,
2024-04-05,9933481.633602776,-0.006679272225979971,-0.017144967035134573,
2024-04-08,9954969.760012798,0.0021632019067043817,0.005913328271283991,
2024-04-09,10024286.07383475,0.006962985874691796,0.015457706991812259,
2024-04-10,10213865.4839338,0.018912011159965658,0.036783062022987645,
2024-04-11,10305234.536833216,0.008945589996572467,0.019581429095555825,
2024-04-12,10183227.889519457,-0.011839288749584509,-0.014720088827608335,
2024-04-15,10196199.802578479,0.0012738508064198406,0.003137901315435121,
2024-04-16,10213426.717096936,0.0016895426582461681,-0.00587002357769173,
2024-04-17,10156044.833501443,-0.005618279269526405,-0.01118246334157924,
2024-04-18,10292405.007337503,0.01342650372970522,0.027587753299133544,
2024-04-19,10354073.59958858,0.005991660084024408,0.01515729621536055,
2024-04-22,10246243.472859858,-0.01041427083665003,-0.022871835042074906,
2024-04-23,10384497.385748724,0.013493131727259078,0.021259111584728263,
2024-04-24,10328028.864732698,-0.005437771219772403,-0.017033365292553837,
2024-04-25,10236550.220048506,-0.008857318843924378,-0.020689132419264955,
2024-04-26,10074993.87365169,-0.015782303893786764,-0.03620147580054689,
2024-04-29,10225556.011820002,0.014944141907824227,0.031213919630514564,
2024-04-30,10286754.886667687,0.005984894589296186,0.0021638184228007784,
2024-05-01,10270239.575010924,-0.0016054928729922757,-0.009477491388194093,1488.8050560702875
2024-05-02,10418637.309802977,0.014449296309808402,0.029776736760647626,
2024-05-03,10364545.851757094,-0.0051917977790615355,-0.019470826844734113,
2024-05-06,10467188.50314573,0.009903246399477705,0.017095858031682676,
2024-05-07,10430928.533911668,-0.003464155558406623,-0.006488317577673208,
2024-05-08,10346645.465853918,-0.008080111735378037,-0.021285527553210004,
2024-05-09,10325647.379485404,-0.002029458382217908,-0.002149478930355442,
2024-05-10,10330752.71765241,0.0004944327439604379,-0.0010670883409185095,
2024-05-13,10310409.1041991,-0.001969228575043558,-0.0060658496333646506,
2024-05-14,10353630.174549462,0.004191984034150442,0.018698344159151503,
2024-05-15,10374998.63578081,0.00206386174424833,0.004084340674996856,
2024-05-16,10419604.969739988,0.004299406248145621,0.016298993364370906,
2024-05-17,10369938.34642083,-0.00476665127549436,-0.007986732054800716,
2024-05-20,10304203.642713165,-0.006338967649730853,-0.019003285886731724,
2024-05-21,10372746.95679352,0.006651975878682048,0.010428958549344225,
2024-05-22,10385083.818310993,0.0011893533669393719,-0.0005482588454039927,
2024-05-23,10325794.23900164,-0.005709109367496357,-0.015599027888208328,
2024-05-24,10298234.62878609,-0.0026690063328448366,-0.015078374462630606,
2024-05-27,10470044.806554256,0.016683459249210886,0.03797215605785054,
2024-05-28,10401114.322410759,-0.006583590177221321,-0.016812212666177717,
2024-05-29,10452306.529236302,0.004921800226274087,4.175185308574747e-05,
2024-05-30,10501861.137227833,0.004741021309786708,0.01229646059110423,
2024-05-31,10461162.713967558,-0.003875353399599213,-0.007920629892162467,
2024-06-03,10523683.404607274,0.005976457144313274,0.0078471654708141,1792.8820523805264
2024-06-04,10512366.743573029,-0.0010753517185143613,-0.0039918236854198375,
2024-06-05,10543700.210814573,0.002980629196627005,0.008073044066131851,
2024-06-06,10606369.413808784,0.005943758048994274,0.012743889932072427,
2024-06-07,10530925.550612729,-0.007113071424594275,-0.01504682782331579,
2024-06-10,10658637.76540501,0.012127349507741192,0.02136107636772211,
2024-06-11,10591207.972032888,-0.006326304998466203,-0.009665965008094468,
2024-06-12,10559314.904527284,-0.003011277617229302,-0.009559348578827453,
2024-06-13,10566269.340670813,0.0006586067568215004,0.002674360328257297,
2024-06-14,10561966.897094524,-0.0004071866273300806,-0.006698600767185536,
2024-06-17,10513251.109652828,-0.004612378349253876,-0.005110306880295679,
2024-06-18,10466543.858036332,-0.004442702940255283,-0.015309257843511559,
2024-06-19,10501195.198701072,0.003310676488317066,0.0031560127519965064,
2024-06-20,10476844.558760844,-0.002318844615253002,-0.006446648920492959,
2024-06-21,10472722.97161841,-0.00039339966526352743,-0.0053456328370107276,
2024-06-24,10517407.339804234,0.004266738297854289,0.01535245311865352,
2024-06-25,10571575.91820232,0.0051503737231017865,0.01064291550265839,
2024-06-26,10575202.213156348,0.00034302311992906453,-0.0004715994129349532,
2024-06-27,10677270.933457892,0.009651703886528251,0.015038363460038173,
2024-06-28,10798599.55167139,0.011363261171289274,0.023199923629241948,
2024-07-01,10839364.141917033,0.0037749886039004643,0.012536706389211227,1413.4652264147053
2024-07-02,10859573.390952623,0.0018644312314812783,0.004858984659084742,
2024-07-03,10879989.16821557,0.001879979675808885,0.0022765930966102133,
2024-07-04,10865413.141124515,-0.001339709706112191,-0.008924396363941267,
2024-07-05,10924752.0393571,0.005461264791487119,0.011724900680120998,
2024-07-08,10944130.166319512,0.0017737818572540753,0.002554483927512674,
2024-07-09,10932249.512886344,-0.0010855731111213407,0.0001036211004761256,
2024-07-10,10977982.962603858,0.004183352169524257,0.007833963539843891,
2024-07-11,10899862.459277239,-0.007116107174945929,-0.01011613868357697,
2024-07-12,10885043.709019898,-0.0013595355274165222,-0.004371549798409591,
2024-07-15,10946875.999261834,0.0056804815758983995,0.0002778156124729758,
2024-07-16,10936433.741596192,-0.000953902982581134,-0.003567159841038281,
2024-07-17,10925100.693455542,-0.0010362654233021518,0.004042597288889338,
2024-07-18,11026975.523562882,0.00932484129582134,0.016251771350290323,
2024-07-19,11068647.38416744,0.0037790834409228147,0.007521412668797689,
2024-07-22,11047377.185214795,-0.001921661989437884,-0.002319663423397622,
2024-07-23,10991499.945151895,-0.0050579643589686585,-0.0075123026719179364,
2024-07-24,10956309.574231334,-0.003201598607666223,-0.004490334406557328,
2024-07-25,10977561.477938395,0.0019396954387858045,-0.0038485705896508238,
2024-07-26,10918242.553070238,-0.0054036522580511726,-0.014112716534379732,
2024-07-29,10870622.63943356,-0.0043614998847306685,-0.01331979191376087,
2024-07-30,10888009.113832414,0.001599400050534605,0.0006194667820402788,
2024-07-31,10842921.960096104,-0.004140991549963946,-0.01161770970551268,
2024-08-01,10853308.309098236,0.0009578920737745023,0.005544306369085206,1933.5845598657775
2024-08-02,10804226.57323901,-0.004522283386908077,-0.013902812881368742,
2024-08-05,10745404.769654837,-0.005444332658653184,-0.018630921398127498,
2024-08-06,10696717.44542952,-0.004530990248297506,-0.001986551679565518,
2024-08-07,10617988.617858803,-0.007360092287410747,-0.014440721361089537,
2024-08-08,10606631.617914505,-0.001069599935829224,-0.004696139538166277,
2024-08-09,10672652.41733799,0.006224483116013424,0.012352344090290401,
2024-08-12,10712048.97412621,0.003691355742478919,0.006692491634147979,
2024-08-13,10702614.688955083,-0.0008807171432761995,0.0009383960863200702,
2024-08-14,10666138.154456269,-0.0034081890789227076,-0.012288695210302625,
2024-08-15,10656126.163305435,-0.0009386706796640221,0.0019737834070858717,
2024-08-16,10684855.47531971,0.002696037150273556,0.008327166779129147,
2024-08-19,10654318.776203748,-0.00285794217680313,-0.0033242577555089303,
2024-08-20,10614799.097811166,-0.0037092637476595636,-0.006818892520350284,
2024-08-21,10638388.38589825,0.0022223018890623614,0.0008236721897112442,
2024-08-22,10637886.85283351,-4.714370697389558e-05,-0.007317465617083574,
2024-08-23,10649907.026147902,0.0011299399477247007,-0.0029732663992858566,
2024-08-26,10622779.683858216,-0.0025471905269297546,-0.005866924233507986,
2024-08-27,10592896.593667358,-0.0028131139946605543,-0.001781880582441775,
2024-08-28,10704403.073080849,0.01052653336389131,0.01944146506548794,
2024-08-29,10761709.818147704,0.005353567562395689,0.010346608193244178,
2024-08-30,10800580.324197995,0.0036119266089802426,0.009813512915056943,
2024-09-02,10839719.599547502,0.0036238122558858166,0.007934120997304728,442.3457664924901
2024-09-03,10798245.687729353,-0.0038261055959306622,-0.012896610428671407,
2024-09-04,10821278.345027756,0.0021329999302179825,0.006687560075138377,
2024-09-05,10781996.22851552,-0.0036300809626882424,-0.002194558473334496,
2024-09-06,10734044.828127354,-0.004447358297283377,-0.020798283339175216,
2024-09-09,10701521.50063768,-0.0030299228306229775,-0.009774927784453324,
2024-09-10,10666302.93711608,-0.0032909865685455397,-0.010672405188249967,
2024-09-11,10666414.846033443,1.0491818769997607e-05,0.0015963095891493584,
2024-09-12,10634639.951020177,-0.0029789667354895855,-0.007589416605372823,
2024-09-13,10625524.893871844,-0.0008571100846210822,0.0022013021317512926,
2024-09-16,10648959.633169945,0.0022055135658867187,0.0021583854987079487,
2024-09-17,10623513.98222218,-0.0023894964225900095,-0.0037732151810738745,
2024-09-18,10655273.502531676,0.0029895494431166902,0.0025356121187287695,
2024-09-19,10622485.516041903,-0.003077160476639307,-0.009415044447242615,
2024-09-20,10628973.815639708,0.0006108080437490226,0.004226802745272096,
2024-09-23,10557970.292647291,-0.0066801860860680184,-0.01869556847507492,
2024-09-24,10590050.25396366,0.003038459138184013,0.009051496585662289,
2024-09-25,10609140.772814678,0.0018026844437184497,0.004064924605047704,
2024-09-26,10590181.307088373,-0.0017870877700941756,0.0008242400888276435,
2024-09-27,10564235.805416983,-0.0024499582130877995,-0.007496955328282651,
2024-09-30,10548727.725294253,-0.0014679793605872904,-0.0024133985269293445,
2024-10-01,10592708.34007306,0.004169281445510098,0.0025057150867655587,1449.001852742703
2024-10-02,10669038.33661486,0.007205899954125794,0.016509523034438756,
2024-10-03,10585110.72405428,-0.007866464615892355,-0.014260806530926873,
2024-10-04,10561419.05324744,-0.0022382071784097235,0.0006048999492778151,
2024-10-07,10605719.550150706,0.004194559147773225,0.0032699955237891487,
2024-10-08,10635692.610123787,0.0028261222476559933,0.0031059466047289597,
2024-10-09,10645215.031479267,0.0008953268681737292,0.0026723124062311143,
2024-10-10,10594408.213356199,-0.0047727376077257855,-0.00597598158146162,
2024-10-11,10557302.46072893,-0.0035023903062834094,-0.0034328997695207697,
2024-10-14,10654643.701011006,0.009220275789593613,0.0161853035712487,
2024-10-15,10690231.483069057,0.003340119393638208,0.005967024392516951,
2024-10-16,10593122.881414793,-0.009083863320271557,-0.017596324816380182,
2024-10-17,10602936.015089061,0.000926368341434447,-0.004664266802578698,
2024-10-18,10560758.637565255,-0.003977896071784559,-0.004913753900407936,
2024-10-21,10493925.412129298,-0.0063284492837689665,-0.011881467653583444,
2024-10-22,10439835.723952306,-0.005154380849178963,-0.011425435781098114,
2024-10-23,10426040.79426802,-0.0013213742101934045,-0.0015222974953333912,
2024-10-24,10483812.321454031,0.005541080101832518,0.017343001047444462,
2024-10-25,10538718.774436673,0.005237260196873317,0.008662186585852272,
2024-10-28,10543542.614498036,0.00045772547542144437,-0.004675779313607298,
2024-10-29,10526529.146769084,-0.0016136386365581679,-0.003749295988750845,
2024-10-30,10488144.374805659,-0.0036464794262415223,-0.01135827907889897,
2024-10-31,10528966.294505093,0.0038921965831721916,0.006529027337782045,
2024-11-01,10470393.996698765,-0.005562967547621089,-0.007477447546820559,928.5851973988705
2024-11-04,10538767.078177819,0.0065301345394082055,0.015985249361236686,
2024-11-05,10573035.436924186,0.003251647796384427,0.012222083210172263,
2024-11-06,10569468.840415213,-0.0003373294765017798,0.0025862012415582836,
2024-11-07,10565738.335052881,-0.00035295107243871193,-0.0038782480896050187,
2024-11-08,10622939.644515067,0.005413848767427343,0.01077765945309106,
2024-11-11,10638824.47191462,0.0014953325474040824,0.0017354324954490519,
2024-11-12,10607675.782015454,-0.0029278319217874715,-0.008777280840990609,
2024-11-13,10547943.08162422,-0.005631082776163532,-0.01025077740235647,
2024-11-14,10573138.060785256,0.0023886153884287165,0.00548605438403893,
2024-11-15,10605253.628601503,0.003037467933513449,0.006700132906359402,
2024-11-18,10623005.021700054,0.0016738301336498562,0.002819204683295551,
2024-11-19,10544276.985860359,-0.007411089016608252,-0.01403629124795347,
2024-11-20,10642238.431067374,0.009290484813551325,0.011955574277068282,
2024-11-21,10679267.007483471,0.0034793973707638592,0.007285554676474071,
2024-11-22,10775966.77086318,0.009054906419321274,0.01812555996325349,
2024-11-25,10721704.298370365,-0.005035508520639942,-0.008338548871216322,
2024-11-26,10739360.35478871,0.0016467583815968911,-0.004491693576540889,
2024-11-27,10753428.598119965,0.0013099703209960012,-0.0046893053422817355,
2024-11-28,10750887.313717615,-0.000236323176293185,-0.004930354365383138,
2024-11-29,10781061.701581644,0.0028066881349904094,0.005698956233940011,
2024-12-02,10725259.293542791,-0.005175965928352566,-0.0073447364719153585,1061.5619779307017
2024-12-03,10710679.953565683,-0.0013593461545386987,-0.005066912821060865,
2024-12-04,10622866.930915514,-0.008198641265621531,-0.018822121899519484,
2024-12-05,10625535.502213944,0.00025121008441364445,0.0020426978278944574,
2024-12-06,10682857.941519342,0.005394781212999078,0.004384023575186635,
2024-12-09,10652410.696371626,-0.0028501029700471747,-0.0031342208386546666,
2024-12-10,10616981.225208815,-0.00332595805519198,-0.007489972876300377,
2024-12-11,10619840.034708027,0.000269267641956894,-0.00657269076382716,
2024-12-12,10609774.318882942,-0.0009478217931896404,-0.0017159109671116557,
2024-12-13,10670874.08264406,0.00575881841825554,0.009345942837504895,
2024-12-16,10675307.77065112,0.00041549436088583747,-0.006223270201198172,
2024-12-17,10694818.382231187,0.0018276392586737966,0.007425073232382617,
2024-12-18,10682070.61903288,-0.001191956959221141,-0.0013751967767312578,
2024-12-19,10548840.570851576,-0.012472305504507841,-0.02344839698499046,
2024-12-20,10600447.540486969,0.00489219353432957,0.012402126407021541,
2024-12-23,10569102.610072955,-0.0029569440624366283,-0.003367757684156203,
2024-12-24,10554691.996118542,-0.0013634661793026082,-0.003953684518016365,
2024-12-25,10543944.220113177,-0.001018293665918213,0.002875272548415575,
2024-12-26,10427822.340947188,-0.011013134813865899,-0.017528346601627942,
2024-12-27,10448564.511625811,0.001989118149546387,-0.00042898726465512294,
2024-12-30,10475905.039559577,0.0026166779085627923,-0.0009228956169085034,
2024-12-31,10520075.61932123,0.004216397494522406,0.013563637266619244,
